,노래 제목,랭킹
0,CHEEZE (치즈) - Be There,5
1,장범준 - 그모습 그대로,4
2,"볼빨간사춘기 - 나만, 봄",4
3,TVAM - These Are Not Your Memories,4
4,애즈원 - 행복해 (Feat. 키겐 of 팬텀),4
5,"린, 한해 - LOVE",4
6,Daron Malakian & Scars On Broadway - Lives,4
7,버스커 버스커 - 벚꽃 엔딩,4
8,"로꼬, 유주 (여자친구) - 우연히 봄",3
9,편안한 클래식 - Albeniz : Suite Espanola No.1 Op.47 - VIII. Cuba (Notturno) (알베니스 : 스페인 모음곡 1번 작품번호 47 - 8번. 쿠바),3
10,Linn Koch-Emmery - Under The Sun,3
11,린 - 자기야 여보야 사랑아,3
12,볼빨간사춘기 - 싸운날,3
13,편안한 클래식 - Bach : The Well-Tempered Clavier Book I. Prelude And Fugue No.5 In D Major BWV.850 (바흐 : 평균율 클라비어곡집 1권 전주곡과 푸가 5번 라장조),3
14,볼빨간사춘기 - 여행,3
15,Wolf Alice - Bros (Nao Remix),3
16,어반자카파 - Beautiful Day,3
17,The Main Level - Rude Love (Feat. Kingsley Anowi),3
18,"홍대광, Kei (러블리즈) - 연애하고 싶어",3
19,Lyse Netter - Prova Igjen,3
20,String Quartet MOTS - Brahms : Waltz No.15 In A Flat Major Op.39 (브람스 : 왈츠 15번 내림 가장조 작품번호 39) (눈밟는소리),3
21,String Quartet MOTS - Ivanovici : The Waves Of The Danube (이바노비치 : 다뉴브 강의 잔물결),3
22,String Quartet MOTS - Gossec : Gavotte In D Major `Rosine` (고섹 : 가보트 라장조 `로진`),3
23,훈스 (HOONS) - 얘가 이렇게 예뻤나,3
24,Charlie Puth - How Long,3
25,버스커 버스커 - 꽃송이가,3
26,편안한 클래식 - Brahms : Piano Sonata No.1 In C Major Op.1 - I. Allegro (브람스 : 피아노 소나타 1번 다장조 작품번호 1 - 1악장),3
27,악동뮤지션 - Be With You,3
28,산들 - 야! (Feat. 휘인),3
29,볼빨간사춘기 - 프리지아,3
30,String Quartet MOTS - Bach : Minuet 1,3
31,스탠딩 에그 - 데리러 갈게,3
32,Apink (에이핑크) - Mr. Chu (On Stage),3
33,에디킴 - 이쁘다니까,3
34,편안한 클래식 - Bach : The Well-Tempered Clavier Book I. Prelude And Fugue No.1 In C Major BWV.846 (바흐 : 평균율 클라비어곡집 1권 전주곡과 푸가 1번 다장조) (드라마 밀회 OST 삽입곡),3
35,String Quartet MOTS - Bach : Minuet 2,3
36,String Quartet MOTS - Schubert : An Die Musik Op.88-4 D.547 (슈베르트 : 음악에 붙임 작품번호 88-4),3
37,편안한 클래식 - Borodin Petite Suite - Mazurka Allegro (보로딘 작은모음곡 - 마주르카 알레그로),3
38,윤하 (YOUNHA) - Parade,3
39,String Quartet MOTS - Bach : Minuet In G Major BWV/Anh.114 (바흐 : 미뉴에트 사장조),3
40,펀치 (Punch) - 널 사랑할게,3
41,String Quartet MOTS - Boccherini : String Quintet In E Major Op.11-5 - Minuetto (보케리니 : 현악 5중주 마장조 작품번호 11-5 - 미뉴에트),3
42,String Quartet MOTS - Beethoven : Ich Liebe Dich WoO.123 (베토벤 : 그대를 사랑해),3
43,String Quartet MOTS - Schubert : Schwanengesang No.4 In D Minor D.957 `Serenade` (슈베르트 : 백조의 노래 4번 라단조 `세레나데`),3
44,Will.I.Am - Boys & Girls (Feat. Pia Mia),2
45,다슬 (DOCILE) - 타임머신,2
46,Ellie Goulding - Sixteen,2
47,THAMA - Fall In Love (Feat. Owen Ovadoz),2
48,노리플라이 (no reply) - 바라만 봐도 좋은데,2
49,Shawn Mendes - If I Can`t Have You,2
50,Loop - Know Me Better,2
51,정기고 - 너를 원해 (Feat. Beenzino),2
52,Yoe Mase - Falling,2
53,편안한 클래식 - Burgmueller 18 Etudes Op.109 - The Pearls (부르크뮐러 18개의 연습곡 작품번호 109 진주),2
54,Kina Grannis - Can`t Help Falling In Love,2
55,"공기남 - Gloomy Star (Feat. 1ho, Chan)",2
56,Katy Perry - Never Really Over,2
57,지나 - 애인이 생기면 하고 싶은 일 (With 비),2
58,스텔라장 (Stella Jang) - 카페인 (Under Caffeine),2
59,Acogi Groove - 二人のティ-タイム / Hutarino Teatime (두사람의 티타임),2
60,Nachteule String Quartet - Cuckoo waltz (뻐꾹왈츠),2
61,아이유 - 비밀의 화원,2
62,"Homme (창민, 이현) - 내겐 전부니까",2
63,이문세 - 봄바람 (Feat. 나얼),2
64,Ben Khan - Ruby,2
65,아이오아이 (I.O.I) - 벚꽃이 지면,2
66,첸 (CHEN) - 벚꽃연가,2
67,Nachteule String Quartet - Schumann : Kinderszenen Op.15 - VII. Traumerei (슈만 : 어린이의 정경 작품번호 15 - 7번. 트로이메라이),2
68,"Rihanna, Kanye West, Paul McCartney - FourFiveSeconds",2
69,오마이걸 - I FOUND LOVE,2
70,웅산 - Bear Walk,2
71,Taylor Swift - ME! (feat. Brendon Urie of Panic! At The Disco) (Feat. Brendon Urie),2
72,볼빨간사춘기 - 나의 사춘기에게,2
73,편안한 클래식 - Borodin Petite Suite - Intermezzo (보로딘 작은모음곡 - 간주곡),2
74,포맨 - 내 여친,2
75,Banks - Lovesick,2
76,Frenship - Remind You,2
77,Apink (에이핑크) - 몰라요,2
78,"펀치 (Punch), GLABINGO (글라빙고) - Beautiful Beautiful",2
79,Nachteule String Quartet - Bach : Overture No.3 In D Major BWV.1068 - II. Air `Air On A G String` (바흐 : 관현악 모음곡 3번 라장조 - 2번. 아리아 `G선상의 아리아`),2
80,악동뮤지션 - I Love You,2
81,Anna Of The North - Fire,2
82,West//Ghost - Blue,2
83,10cm - 폰서트,2
84,Chante Moore - Real One,2
85,비투비 - 봄날의 기억,2
86,피아노클래식 - Beethoven : Piano Sonata No.21 In C Major Op.53 `Waldstein` - I. Allegro Con Brio (베토벤 : 피아노 소나타 21번 다장조 작품번호 53 `발트슈타인` - 1악장),2
87,Green Diary - Happy Day,2
88,편안한 클래식 - Albeniz : Suite Espanola Op.47 - VII. Castilla. Seguidillas (Op.232-5) (알베니즈 : 스페인 모음곡 작품번호 47 - 7번. 까스따야),2
89,정세운 - Feeling (Feat. PENOMECO),2
90,1415 - 봄이 온 것 같애,2
91,"더필름, #안녕, 정동원 - 우리 결혼해요",2
92,편안한 클래식 - Burgmueller 18 Etudes Op.109 - The Fountain (부르크뮐러 18개의 연습곡 작품번호 109 분수),2
93,피아노클래식 - Beethoven : Piano Sonata No.14 In C Sharp Minor Op.27-2 `Moonlight ` - I. Adagio Sostenuto (베토벤 : 피아노 소나타 14번 올림 다단조 작품번호 27-2 `월광` - 1악장),2
94,Ashe - Bachelorette,2
95,훈스 (HOONS) - With Coffee,2
96,"Marshmello, Anne-Marie - FRIENDS",2
97,"Itzhak Perlman, Vladimir Ashkenazy - Beethoven: Violin Sonata No. 5 in F Major, Op. 24 ""Spring"" - Arr. for Piano and Violin - 1. Allegro",2
98,"정은지, 서인국 - 우리 사랑 이대로",2
99,WINNER - 고백하는 거야,2
100,"진호 (펜타곤), 로시 (Rothy) - 조금만 더",2
101,Nachteule String Quartet - Mozart : Ave Verum Corpus K.618 (모차르트 : 아베 베룸 코르푸스 `존귀하신 구주` ) (성체찬가),2
102,LunchMoney Lewis - Bills (`스프라이트` 광고 삽입곡),2
103,김민석 - 봄이 오는 날에,2
104,Radhini - Pujaan Hati (Darling),2
105,볼빨간사춘기 - 심술,2
106,멜로망스 - 동화,2
107,권진아 - 연애 좀 할까,2
108,San E - 원하잖아 (Feat. JOO),2
109,"Stacey Kent - Waiter, Oh Waiter",2
110,Club505 - 있잖아,2
111,정엽 - 눈부신 하루,2
112,Nachteule String Quartet - Elgar : Salut D`amour In E Major Op.12 (엘가 : 사랑의 인사 마장조 작품번호 12),2
113,"기현 (몬스타엑스), 설아 (우주소녀) - Love Virus",2
114,LANY - Quit,2
115,로이킴 - 봄봄봄,2
116,10cm - 봄이 좋냐??,2
117,"김성균, 도희 - 운명",2
118,Carly Rae Jepsen - Beautiful (Feat. Justin Bieber),2
119,Nachteule String Quartet - Toselli : Serenata Op.6 (토셀리 : 세레나데 작품번호 6),2
120,볼빨간사춘기 - Dejavu,2
121,"Northern Assembly - Death, Won`t You Marry Me?",2
122,"첸 (CHEN), 펀치 (Punch) - Everytime",2
123,"김민재 (Real.be), 솔라 (마마무) - 별",2
124,TOFL - Nokia 105,2
125,편안한 클래식 - Albeniz : Suite Espanola No.1 Op.47 - III. Sevilla (알베니즈 : 스페인 모음곡 1번 작품번호 47 - 3번. 세빌리아),2
126,소녀시대 (GIRLS` GENERATION) - 좋은 일만 생각하기 (Day by Day),2
127,윤종신 - You Are So Beautiful,2
128,케이윌 - Love Blossom (러브블러썸),2
129,소심한 오빠들 - 너를 사랑하는 100가지 방법,2
130,NANO (나노) - Forever You and I (Prod. HSND),2
131,"French Horn Rebellion, That`s Nice - Magic (Feat. Patterns)",2
132,"HIGH4 (하이포), 아이유 - 봄 사랑 벚꽃 말고",2
133,Ariana Grande - Jason's Song (Gave It Away),2
134,편안한 클래식 - Chopin 24 Preludes No.7 In A Major Op.28 (쇼팽 24개의 전주곡 7번 가장조 작품번호 28),2
135,케이윌 - 선물 (Feat. 은지원),2
136,"에릭남 (Eric Nam), 소미 - 유후 (You, Who?)",2
137,서인국 - 봄 타나봐 (BOMTANABA),2
138,편안한 클래식 - Chopin 24 Preludes No.3 In G Major Op.28 (쇼팽 24개의 전주곡 3번 사장조 작품번호 28),2
139,피아노클래식 - Albeniz : Suite Espanola No.1 Op.47 - I. Granada (알베니즈 : 스페인 모음곡 1번 작품번호 47 - 1번. 그라나다),2
140,아이유 - Rain Drop,2
141,Lisa Ekdahl - Rivers Of Love,2
142,"Alice Sara Ott - Grieg: Lyric Pieces Book III, Op.43 - 6. To Spring",2
143,Maira Martins - Sunday Morning,2
144,"용주 (YONGZOO), 예지 - 눈을 맞추면 (Drama Ver.)",2
145,피아노클래식 - Beethoven : Piano Sonata No.14 In C Sharp Minor Op.27-2 `Moonlight` - II. Allegretto (베토벤 : 피아노 소나타 14번 올림 다단조 작품번호 27-2 `월광` - 2악장),2
146,로티플 스카이 - Blue Bird,2
147,미교 - 우리 지금,2
148,위수 (WISUE) - 후,2
149,에이프릴 (APRIL) - 꿈사탕,2
150,브로맨스 (VROMANCE) - 오 나의 계절,2
151,볼빨간사춘기 - 좋다고 말해,2
152,마인드유 - 사랑해줘요,2
153,B1A4 - 이게 무슨 일이야,2
154,Nachteule String Quartet - Flotow : Martha - M`appari`Tutt`Amor (플로토 : 마르타 - 꿈과 같이),2
155,이민혁 - 기적,2
156,오마이걸 - 내 얘길 들어봐 (A-ing) (Feat. 스컬&하하),2
157,태일 (블락비) - 설렘각,2
158,볼빨간사춘기 - 별 보러 갈래?,2
159,종현 (JONGHYUN) - 우린 봄이 오기 전에 (Before Our Spring),2
160,피아노클래식 - Beethoven : Piano Sonata No.8 In C Minor Op.13 `Pathetique` - III. Rondo. Allegro (베토벤 : 피아노 소나타 8번 다단조 작품번호 13 `비창` - 3악장),2
161,"Gryffin - Winnebago(Feat. Quinn XCII, Daniel Wilson)",2
162,백아연 - 맘에 들어 (Feat. 바로 Of B1A4),2
163,러브 페이지 - 반갑다 봄아,2
164,CHEEZE (치즈) - 결혼해주오,2
165,"이지형, 권진아 - Duet",2
166,MJ (of 아스트로) - 내 삶의 전부,2
167,가을방학 - 이름이 맘에 든다는 이유만으로,2
168,WINNER - MILLIONS,2
169,Nachteule String Quartet - Schumann : Kinderszenen Op.15 - I. Von Fremden Landern Und Menschen (슈만 : 어린이의 정경 작품번호 15 - 1번. 미지의 나라들),2
170,피아노클래식 - Beethoven : Piano Sonata No.8 In C Minor Op.13 `Pathetique` - II. Adagio Cantabile (베토벤 : 피아노 소나타 8번 다단조 작품번호 13 `비창` - 2악장),2
171,정엽 - 왜 이제야 왔니,2
172,이해인 - 스르륵,2
173,Amanda Tenfjord - First Impression,2
174,케이윌 - 말해! 뭐해?,2
175,윤하 (YOUNHA) - Propose,2
176,Openside - I Just Wanted You,2
177,"롱디 (LONG:D) - 나와 (With J;KEY, 크래커)",2
178,Brazilian Girls - Pirates,2
179,Kommode - Captain Of Your Sinking Ship,2
180,SF9 - Love Me Again,2
181,피아노클래식 - Beethoven : Piano Sonata No.21 In C Major Op.53 `Waldstein` - III. Rondo. Allegretto Moderato. Prestissimo (베토벤 : 피아노 소나타 21번 다장조 작품번호 53 `발트슈타인` - 3악장),2
182,다슬 (DOCILE) - 첫사랑이에요,2
183,"편안한 클래식 - Beethoven : Piano Sonata No.8 In C Minor Op.13 `Pathetique` - II. Adagio Cantabile (베토벤 : 피아노 소나타 8번 다단조 작품번호 13 `비창` - 2악장) (영화 순수의 시대, 음란선생 삽입곡)",2
184,Highasakite - Elastic State Of Mind,2
185,참깨와 솜사탕 - 키스미,2
186,볼빨간사춘기 - 처음부터 너와 나,2
187,피아노클래식 - Albeniz : Espana Suite Op.165 - II. Tango (알베니즈 : 스페인 모음곡 작품번호 165 - 2번. 탱고),2
188,Nachteule String Quartet - Franck : Mass Op.12 FWV.61 - V. Panis Angelicus (프랑크 : 미사 작품번호 12 - 5번. 생명의 양식),2
189,에브리 싱글 데이 - Perfect Life (Feat. Mxxg),2
190,데이브레이크 (DAYBREAK) - 그대 맘에 불을 지펴 줄게요,2
191,피아노클래식 - Albeniz : Suite Espanola No.1 Op.47 - IV. Cadiz (Saeta) (알베니스 : 스페인 모음곡 1번 작품번호 47 - 4번. 카디즈),2
192,Jaylogic - 초콜릿 아이스크림 (Feat. T.why),2
193,"Stan Getz, Joao Gilberto - The Girl From Ipanema",2
194,Little Mix - Oops (Feat. Charlie Puth),2
195,Nachteule String Quartet - Dvorak : Humoresque In G Flat Major Op.101-7 (드보르작 : 유모레스크 내림 사장조 작품번호 101-7),2
196,Margaret Glaspy - You And I,2
197,피아노클래식 - Albeniz : Suite Espanola Op.47 - VIII. Castilla. Seguidillas (알베니즈 : 스페인 모음곡 작품번호 47 - 8번. 카스틸리아),2
198,김태현 (딕펑스) - Urban Girl (Feat. Truedy),2
199,윤하 (YOUNHA) - 말도 안돼 (개인의 취향 OST),2
200,다슬 (DOCILE) - 빛을 따라가,2
201,마마무(Mamamoo) - Love Lane,2
202,Sigrid - Don’t Feel Like Crying,2
203,"JP Cooper, Astrid S - Sing It With Me",2
204,Gill Landry - Denver Girls,2
205,Lukas Graham - Drunk In The Morning,1
206,Troye Sivan - YOUTH (Acoustic),1
207,라붐(LABOUM) - 겨울동화,1
208,George Benson & Al Jarreau - Ordinary People,1
209,박종훈 - Piano Morning,1
210,"Andreas Ottensamer, Kammerakademie Potsdam - Mozart: ""Batti batti o bel Masetto"" from ""Don Giovanni"", K.527 (arr. for Basset Horn & Flute)",1
211,피아노 포레스트 - 피아노 숲 (Piano Forest),1
212,정다경 - 약손,1
213,스텔라장 (Stella Jang) - 계륵,1
214,포이트리 - Sunday Of My Life (Feat. 화요비),1
215,립버블 - 팝콘 (POPCORN),1
216,우리집 - 따뜻한 그날,1
217,Zara Larsson - Ruin My Life,1
218,Katia Labeque - Faure : Nocturne No.3 In A Flat Major Op.33-3 (포레 : 야상곡 3번 내림 가장조 작품번호 33-3),1
219,Nulbarich - NEW ERA,1
220,제이레빗 - If You Love Me,1
221,Against The Current - Wasteland,1
222,자우림 - Something Good,1
223,김나희 - 벤치,1
224,Charles Lloyd - Voice In The Night,1
225,Shaggy - Angel,1
226,"보아 (BoA), 매드클라운 - 오늘 밤",1
227,TRXD - Someone Else,1
228,1415 - 뜬구름,1
229,Preta Gil - Espelhos D`agua,1
230,안현정 - I Wish,1
231,"주비, 거미 - 지워지지 않는 1",1
232,Birdy - Keeping Your Head Up (Don Diablo Remix) (Radio Edit),1
233,Linn Koch-Emmery - Little Feels,1
234,XYLO - Tears & Tantrums,1
235,Elmer Bernstein - Van Der Luydens,1
236,송원섭 - Car Kiss,1
237,Stone Temple Pilots - Interstate Love Song,1
238,Seth MacFarlane - You And I (Album Version),1
239,잠잘오는음악 - 자장가,1
240,비투비 - 나비,1
241,Carla Bley - Lawns,1
242,린 - 둘이 하나 (Love Theme) (With 봉구 Of 길구 봉구),1
243,Akira Jimbo - Fruit Salad Sunday,1
244,Taylor Swift - Look What You Made Me Do,1
245,Priscilla Ahn - Dream,1
246,Passion Pit - I Found U (feat. Galantis),1
247,정승환 - 믿어,1
248,픽보이(Peakboy) - Shame (Feat. 죠지),1
249,Lavinia Meijer - Satie : Gymnopedie No.1 - Lent Et Douloureux (사티 : 짐노페디 1번),1
250,헤이즈 (Heize) - 오롯이,1
251,Vasco - `N` Now I Feel Like,1
252,서연 - Love Is You (Feat. Blue Marble),1
253,PRETTYMUCH - Teacher,1
254,EXO - 나비소녀 (Don`t Go),1
255,클래식 하프 - Clementi : Piano Sonatine No.3 In C Major Op.36 - III. Allegro (클레멘티 : 피아노 소나티네 3번 다장조 작품번호 36 - 3악장),1
256,DJ Salmon Steak - Our Story,1
257,DJ Snake - Let Me Love You (Feat. Justin Bieber),1
258,Olivia Ong - So Nice,1
259,손열음 - Stravinsky : 3 Movements From `Petrushka` - I. Russian Dance (스트라빈스키 : `페트루슈카`에 의한 3개의 악장 - 1악장 `러시아 춤곡`),1
260,"Bea Miller, 6lack - it`s not u it`s me",1
261,Michael Halasz - 차이코프스키 : 호두까기 인형 모음곡 (갈대피리의 춤),1
262,Andrea Motis - Antonico,1
263,Helen Merrill - Cavatina,1
264,"Ella Fitzgerald, London Symphony Orchestra - Makin' Whoopee!",1
265,Sara Bareilles - Bottle It Up,1
266,Dia - Happy Together,1
267,KT Tunstall - The River,1
268,"Linos Harp Quintet - Faure: Berceuse, Op. 16 (Arr. For Flute And Harp) - Berceuse, Op. 16",1
269,Charles Lloyd - The Water Is Wide,1
270,송지혜 - 외출,1
271,트러블메이커 - Trouble Maker,1
272,Kan Sano - Stars In Your Eyes,1
273,남우현 - Flower,1
274,"하울, 제이 - Perhaps Love (사랑인가요)",1
275,Leony - Boots,1
276,알리 (ALi) - Just Stay,1
277,Will Ackerman - The Impending Death Of The Virgin Spirit,1
278,첸 (CHEN) - 최고의 행운,1
279,El - Morning Calm,1
280,David Darling - Cycle Song,1
281,해빈 (구구단) - Everyday,1
282,The Jazz Crusaders - Ontem A Noite,1
283,Nancy Wilson - Bewitched,1
284,"김종국, 황치열, UV, 로꼬, GRAY (그레이) - 아깝지 않아",1
285,WINNER - AH YEAH (아예),1
286,TSUUDEN YOSHIZO - When You Feel Love,1
287,볼빨간사춘기 - Lonely,1
288,"알렉스, 호란 - 파트타임러버 (Part Time Lover)",1
289,존박 - Good Day,1
290,Megan Nicole - Checklist,1
291,티아라 - Apple Is A,1
292,볼빨간사춘기 - 바람사람,1
293,Post Animal - Dirt Picker,1
294,자장가 - 별을 세다,1
295,클래식 하프 - Beethoven : Piano Sonata No.8 In C Minor Op.13 `Pathetique` - III. Rondo. Allegro (베토벤 : 피아노 소나타 8번 다단조 작품번호 13 `비창` - 3악장),1
296,"Rafal Blechacz - J.S. Bach: Herz und Mund und Tat und Leben, Cantata BWV 147 - Jesu, Joy Of Man's Desiring (Arr. For Piano By Myra Hess)",1
297,이진아 - 사는게 니나노 (이진아 Ver.),1
298,Great Good Fine OK - Easy,1
299,Al Lewis - Leader of the Band,1
300,크리스마스니까 - Clementi : Piano Sonatine No.3 In C Major Op.36 - III. Allegro (클레멘티 : 피아노 소나티네 3번 다장조 작품번호 36 - 3악장),1
301,OneRepublic - Kids,1
302,Natsuyama Nao - Falling in Cherry Blossom,1
303,Cody Simpson - Wish U Were Here (Acoustic),1
304,Troye Sivan - YOUTH,1
305,Danielle Bradbery - Psycho (Yours Truly: 2018),1
306,Andy McKee - I`ll Be Over You,1
307,Betty Who - Marry Me,1
308,감성노트 - 작은나라,1
309,"이도훈, 리디아 (Lydia) - 사랑이야기",1
310,Carly Rae Jepsen - First Time,1
311,10cm - 니가 참 좋아 (Prod. by 박근태),1
312,Openside - Waiting For Love,1
313,스탠딩 에그 - 오늘 밤은 (With JISIM),1
314,오마이걸 - 비밀정원,1
315,Peking Duk - Ur Eyez (feat. Al Wright),1
316,Yoshimata Ryo - Life Space,1
317,류런위 - 청명한 심장 소리 [장난스런 키스 심쿵 버전 주제곡],1
318,Jake Morrell - Home,1
319,"프라이머리 - Love (Feat. Bumkey, Paloalto)",1
320,Seal - Love For Sale,1
321,Suchmos - GIRL Feat. Ryohu,1
322,GoGo Penguin - Raven,1
323,"Notd, HRVY - I Miss Myself",1
324,송가인 - 영동 부르스,1
325,아이유 - 너랑 나,1
326,볼빨간사춘기 - My Trouble,1
327,Wilhelm Kempff - Schumann : Carnaval Op.9 - IX. Papillons,1
328,EMMA WAHLIN - Make A Move (Yuda Remix),1
329,Lisa Ono - O Barquinho,1
330,엔플라잉 (N.Flying) - 이보다 좋을까,1
331,"Alice Sara Ott, Thomas Hengelbrock, Munchner Philharmoniker - Tchaikovsky: Piano Concerto No.1 In B Flat Minor, Op.23, TH.55 - 2. Andantino semplice - Prestissimo - Tempo I (Live At Gasteig, Mnchen / 2009)",1
332,Green Tea - Daily Life,1
333,"10cm, 첸 (CHEN) - Bye Babe",1
334,Bobo Stenson Trio - El Maylor,1
335,Lisa Ono - I Wish You Love,1
336,"Peabo Bryson, Regina Belle - A Whole New World",1
337,크리스마스니까 - Mussorgsky : Pictures At An Exhibition - V. Promenade III (무소륵스키 : 전람회의 그림 - 5번. 프롬나드 3),1
338,뉴에이지 피아노 연주곡 - 03.뉴에이지 피아노 연주곡 : 밤하늘,1
339,"송가인, 김소유 - 진정인가요",1
340,"케이윌 - 소녀, 사랑을 만나다 (With 소녀시대 티파니)",1
341,샘김 (SAM KIM) - 그 여름밤,1
342,다비치 - 별이 빛나는 밤에,1
343,크리스마스니까 - Chopin : Waltz No.1 In E Flat Major Op.18 `Grande Valse Brillante` (Part.I) (쇼팽 : 왈츠 1번 내림 마장조 작품번호 18 `화려한 대왈츠`),1
344,4minute - 거울아 거울아,1
345,Leonid Kogan - Handel : Violin Sonata In E Major Op.115 - II. Allegro (헨델 : 바이올린 소나타 마장조 작품번호 115 - 2악장),1
346,김효진 - I Love You For Sentimental Reason,1
347,James Blood - Whenever You Are,1
348,"EXO - Baby, Don`t Cry (인어의 눈물)",1
349,"The Vamps, New Hope Club - My Life",1
350,맥케이 (McKay) - 목말라 (Thirsty) (Feat. 우탄),1
351,매드클라운 - 우리집을 못 찾겠군요 (Feat. 볼빨간사춘기),1
352,El - One Day,1
353,정엽 - 너에게 기울어가,1
354,Oliver Koletzki - Bring Me Home (Original Version),1
355,바닐라 어쿠스틱 - 맴돌아,1
356,지원이 - 보릿고개,1
357,마틴스미스 - Stupid Love,1
358,스피카 - 너 때문에,1
359,로이킴 - 피노키오,1
360,CHEEZE (치즈) - Pinocchio (피노키오),1
361,세정 (구구단) - 꽃길 (Prod. By ZICO),1
362,데이브레이크 (DAYBREAK) - 꽃길만 걷게 해줄게,1
363,Childish Gambino - This Is America,1
364,Alessia Cara - Scars To Your Beautiful (NOTD Remix),1
365,Red Velvet (레드벨벳) - Fool,1
366,홍자 - 열애,1
367,Tyler Hilton - How Long `Til I Lose You,1
368,Morrissey - Suedehead,1
369,얼스 (Earls) - Tonight,1
370,홍자 - 사랑 참,1
371,KELLA - Trainwreck,1
372,잠잘오는음악 - 잠잘 때 듣는 음악,1
373,김나희 - 까르보나라,1
374,모모랜드 (MOMOLAND) - 어마어마해,1
375,클래식 하프 - Chopin : Waltz No.1 In E Flat Major Op.18 `Grande Valse Brillante` (Part.I) (쇼팽 : 왈츠 1번 내림 마장조 작품번호 18 `화려한 대왈츠`),1
376,푸르른 - 똑딱똑딱,1
377,Generationals - Reading Signs,1
378,Jack Johnson - Escape (The Pina Colada Song),1
379,The Alarm - Beautiful,1
380,JP Cooper - September Song (Guitar Acoustic),1
381,The Calling - Wherever You Will Go,1
382,이루마 - Poem + 時처럼,1
383,Literature - The English Softhearts,1
384,Lavinia Meijer - Einaudi : Passaggio,1
385,"Takako Nishizaki, Terence Dennis - Corelli : Concerto Grosso In F Major Op.6-9 - III. Corrente (Arranged For Violin And Piano) (코렐리 : 합주 협주곡 바장조 작품번호 6-9 - 3악장) (바이올린과 피아노를 위한 편곡)",1
386,김건모 - 넌 친구 난 연인!,1
387,Eddie Jefferson - Things Are Getting Better,1
388,소수빈 - 넌 내게 특별하고,1
389,잠잘오는음악 - 새벽에 듣기 좋은 노래,1
390,Donald Byrd - Where Are We Going?,1
391,Dagny - More More More,1
392,박원 - all of my life,1
393,"Susan Palma, Nancy Allen, Orpheus Chamber Orchestra - Mozart: Concerto for Flute, Harp, and Orchestra in C Major, K. 299 - 2. Andantino",1
394,커피소년 - 이게 사랑이 아니면 뭔가요,1
395,지원이 - 이제서야,1
396,"Academy of St. Martin in the Fields, Neville Marriner - Dolly Suite, Op.56 (1894-97) Kitty-valse",1
397,Phe Reds - Smile (Prod. WOOGIE),1
398,클래식 하프 - Bach : The Well-Tempered Clavier Book I. Prelude And Fugue No.5 In D Major BWV.850 (바흐 : 평균율 클라비어곡집 1권 전주곡과 푸가 5번 라장조),1
399,Lotus Eaters - The First Picture of You,1
400,San E - 나 왜이래 (Feat. 강민희 Of 미스에스),1
401,스무살 - 걔 말고,1
402,James Walker - Casualty,1
403,The Oscar Peterson Trio - Easy Does It,1
404,Milton Banana Trio - Chega De Saudade Desafinado Corcovado,1
405,페퍼톤스 (Peppertones) - 남반구,1
406,스탠딩 에그 - 네 생각 나더라,1
407,"Lunay, Zion Y Lenox - Llegale",1
408,더 라임 - 벚꽃잎이 내려앉으며,1
409,Cash Cash - Hero (Feat. Christina Perri),1
410,엔플라잉 (N.Flying) - 봄이 부시게 (Spring Memories),1
411,"김연우 - 어장관리 (With 온유, 유인나)",1
412,지원이 - 남자답게,1
413,"Selena Gomez, Marshmello - Wolves",1
414,"Gianluigi Trovesi, Gianni Coscia - Django (Donadona)",1
415,10cm - 좋아 (JOAH),1
416,Jordy - Be With Me,1
417,심규선 (Lucia) - 너의 꽃말,1
418,태연 (TAEYEON) - Blue,1
419,Teenage Fanclub - Your Love Is The Place Where I Come From,1
420,Ren Farren - Good Girl,1
421,Sam Smith - Stay With Me,1
422,강인성 - 너를 봄,1
423,"KT Tunstall, Mike McCready - I Won`t Back Down",1
424,담소네공방 - 예쁜하루,1
425,"Baden Powell, Marcia, Os Originais Do Samba - Samba Da Beno (Ao Vivo)",1
426,세븐틴 - 예쁘다,1
427,San Holo - Lead Me Back,1
428,김정범 - Walking On The Street Low (Feat. 안신애),1
429,Kings Of Convenience - 24-25,1
430,Bravo (브라보) - D-DAY (Feat. 형선),1
431,요조 - Sweet Step,1
432,Sabrina Carpenter - Pushing 20,1
433,Blue Americans - Honey,1
434,데이브레이크 (DAYBREAK) - 좋다,1
435,새봄 (saevom) - 때론 호수에 뜬 달처럼 (With 윤한솔),1
436,조원선 - 그대여 안녕,1
437,Nancy Wilson - Never Less Than Yesterday,1
438,"Samuel Coles, Naoko Yoshino, Yehudi Menuhin, English Chamber Orchestra - Mozart : Concerto For Flute And Harp And Orchestra In C Major K.299 - I. Allegro (모차르트 : 플루트와 하프를 위한 협주곡 다장조 - 1악장)",1
439,크리스마스니까 - Grieg : Lyric Pieces Book I. Op.12 - II. Waltz (그리그 : 서정 소곡집 1권 작품번호 12 - 2번. 왈츠),1
440,청춘학개론 - 우리 조금 이따가 (Feat. 올라),1
441,Becky Baxter - Tromboncino: Del Tuo Bel Volto,1
442,Just Piano - 지난 날 꿈처럼,1
443,김보경 - 놀라요,1
444,타코앤제이형 - 외계인 (With 임동현 of 동현종),1
445,보이쳐 - 내게도 사랑이,1
446,Death Of Guitar Pop - Welcome Back,1
447,Crush - 잠 못드는 밤 (Feat. 펀치),1
448,자이로 (zai.ro) - 달콤한 난리 (With 김민석),1
449,김소정 - 그대가 왔죠,1
450,Hilary Stagg - Forever and a Day,1
451,George Benson - Lately,1
452,소녀시대 (GIRLS` GENERATION) - Tinkerbell,1
453,마틴스미스 - 미쳤나봐 (Feat. 정성하),1
454,정엽 - 봄날,1
455,The Church - Secret Corners (2002 Digital Remaster),1
456,"어쿠스틱 콜라보 - 그대와 나, 설레임 (Feat. 소울맨)",1
457,Duckwrth - UNSTATUS QUO,1
458,Boys Choir - Sorry (Feat. Hart),1
459,Mood Swing - High Drive,1
460,웅산 - Love Is A Losing Game,1
461,어쿠루브 - 비가 내리던 어느날,1
462,Jeremy Passion - Lemonade,1
463,"Sarah McKenzie, Alex Boneham, Craig Simon, Phil Binotto, Julien Wilson - Dindi",1
464,이승연 - 짠짜라,1
465,Johnny Orlando - Waste My Time,1
466,윤선하 - 그대는 봄인가 (Feat. 은종),1
467,상쾌한 클래식 - Haydn : Divertimento In G Major - I. Allegro (하이든 : 디베르티멘토 사장조 - 1악장),1
468,상상밴드 - Hello,1
469,조인 (ZOIN) - 요즘 니가 예뻐 보여,1
470,Abbey Lincoln - The World Is Falling Down (Album Ver.),1
471,TENDRE - Document,1
472,피아노 모먼트 - 생각이 깊어지는 밤,1
473,Apink (에이핑크) - 느낌적인 느낌,1
474,Mukai Taichi (무카이 타이치) - PURE,1
475,클래식 하프 - Chopin : Mazurka In B Flat Major Op.7-1 (쇼팽 : 마주르카 내림 나장조 작품번호 7-1),1
476,"Max Richter, Daniel Hope, Konzerthaus Kammerorchester Berlin, Andre De Ridder - Richter: Recomposed By Max Richter: Vivaldi, The Four Seasons - Spring 1",1
477,Stan Getz - Vivo Sonhando (Feat. Joao Gilberto),1
478,태연 (TAEYEON) - All With You,1
479,엔플라잉 (N.Flying) - 옥탑방 (Rooftop),1
480,"Semyon Bychkov, London Philharmonic Orchestra - Mendelssohn : Symphony No.3 In A Minor Op.56 `Scottish` - III. Adagio (멘델스존 : 교향곡 3번 가단조 작품번호 56 `스코틀랜드` - 3악장)",1
481,LAMP - 너와 손잡고,1
482,HONNE - Good Together,1
483,George Benson - El Barrio,1
484,클래식 명작 - Granados : 12 Danzas Espanolas Op.37 - IV. Villanesca (그라나도스 : 12개의 스페인 무곡 작품번호 37 - 4번. 빌라네스카),1
485,유희열 - 느끼한 환생,1
486,마멀레이드 키친 (Marmalade Kitchen) - 그대 만나는 날,1
487,정인 - 그래 나를 믿자 (Feat. Bizzy),1
488,짙은 - 아침,1
489,Little Mix - Black Magic,1
490,Aztec Camera - Walk Out To Winter,1
491,"Ferenc Snetberger, Anders Jormin, Joey Baron - Rambling",1
492,신현희와김루트 - 너는 왜 (Why you?),1
493,Jamie Cullum - What A Difference A Day Made,1
494,Melody Gardot - Over The Rainbow,1
495,Femme - Be Shy (Feat. Nova),1
496,닉앤쌔미 (Nick&Sammy) - Baby You Love Me (Korean Ver.),1
497,Emma Ruth Rundle - Darkhorse,1
498,Lisa Ono - Moonlight Serenade,1
499,김나희 - 송인,1
500,Taylor Swift - Delicate,1
501,"장영주, Antonio Vivaldi , Orpheus Chamber Orchestra - Vivaldi : Concerto In G Minor Op.12 No.1 RV317 - I. Allegro",1
502,구구단 (gugudan) - 너에게,1
503,La Sera - High Notes,1
504,Ben Becker - Holidays,1
505,자장가 - 바람 기억,1
506,"마요 (Mayo) - Would U marry me (Feat. 정창현, 채하얀)",1
507,폴킴 - 있잖아,1
508,Astrud Gilberto - The Face I Love,1
509,George Benson - Song For My Father,1
510,SHINee (샤이니) - 줄리엣 (Juliette),1
511,김이지 - 신기한 일,1
512,아이비아이 (I.B.I) - 몰래몰래,1
513,Tegan And Sara - Stop Desire,1
514,"강예슬, 하유비 - 이따 이따요",1
515,레트로밤 (Retro Bomb) - UNIverse,1
516,너를 만나 - 내 생에 아름다운,1
517,"장영주, Antonio Vivaldi , Orpheus Chamber Orchestra - Vivaldi : The Four Seasons Op. 8 Nos. 1-4, Concerto No. 1 In E (Spring) RV269 (Op. 8 No. 1) - I. Allegro",1
518,가인 - 팅커벨,1
519,Stefanie Heinzmann - Shadows,1
520,연필 (The Pencil) - 집에 가는 길,1
521,서액터 (Seo actor) - 필링 (Feeling) (Feat. Hye na),1
522,10cm - 내 눈에만 보여,1
523,Junkilla - Daydream (Feat. Thomas Daniel),1
524,IZ*ONE (아이즈원) - 비올레타,1
525,볼빨간사춘기 - 반지,1
526,클래식 하프 - Albeniz : Espana Suite Op.165 - V. Capricho Catalan (알베니스 : 스페인 모음곡 작품번호 165 - 5번. 카탈루냐 기상곡),1
527,리차드파커스 - 삐에로,1
528,비온 - 오늘 하루,1
529,Steve Kuhn - Emmanuel,1
530,Never Young Beach (네버 영 비치) - ちょっと待ってよ / Chotto Matteyo (잠깐 기다려),1
531,케이윌 - 녹는다,1
532,Owl City - Rainbow Veins,1
533,Ways (웨이즈) - 왔나봄,1
534,자장가 - Stay,1
535,"케이시 (Kassy), 베이식 (Basick) - 별똥별 (See you in heaven)",1
536,일기장 - 꽃이 피는 계절에,1
537,Conrad Sewell - Shadow (아이폰 7 (iPhone 7) 소개 광고 삽입곡),1
538,Official Higedan Dism - Stand By You,1
539,DIA (다이아) - 5분만,1
540,"조성진 - Debussy: L'isle joyeuse, L. 106",1
541,라벤다 - Sweet Spring,1
542,"Ferdinand Leitner, Berliner Philharmoniker - Tchaikovsky: Nutcracker Suite, Op.71a, TH.35 - 3. Waltz Of The Flowers",1
543,August - Morning Coffee,1
544,크리스마스니까 - Tchaikovsky : The Seasons Op.37b - VI. June `Barcarolle` (차이콥스키 : 사계 작품번호 37b - 6번. 6월 `뱃노래`),1
545,Sky Renee - Mirror,1
546,정다경 - 열두 줄,1
547,"브라더수, SE O (세오) - 당신이 잠든 사이에",1
548,Joe Bonamassa - Let Me Love You Baby,1
549,The Charm Park - Imperfection,1
550,17 Memphis - Love Out Loud,1
551,"홍자, 김나희 - 콩깍지",1
552,어쿠스틱 콜라보 - 설렘 가득,1
553,김형중 - Hot Hot Hot,1
554,Arthur Prysock - I'm Through With Love,1
555,김필 - 내일 그대와,1
556,VIXX(빅스) - 사랑인걸까?,1
557,방탄소년단 - 봄날,1
558,이지수 - Love Poem (드라마 '봄의왈츠' 삽입곡),1
559,Junk Fujiyama - Brand-New Day,1
560,"Lothar Koch, Amadeus Quartett - Mozart : Oboe Quartet In F K.370 - I. Allegro",1
561,감성노트 - 바람따라 가는 기차여행,1
562,Tord Gustavsen Trio - Graceful Touch,1
563,원셋 (1set) - 두근거려,1
564,송가인 - Tears,1
565,"Hayden James, Naations - Nowhere to Go",1
566,"로꼬, 마마무(Mamamoo) - 이 노래",1
567,"Kungs, Cookin` On 3 Burners - This Girl (Kungs Vs. Cookin' On 3 Burners) (Kungs Vs. Cookin' On 3 Burners)",1
568,황예 - 신기해 (feat. J.Yung),1
569,"Seeb, Olivia O`Brien, Space Primates - Fade Out",1
570,Liam Payne - Bedroom Floor,1
571,John Surman - Portrait Of A Romantic,1
572,XTC - Senses Working Overtime,1
573,한올 - 봄날에 만나자 (Acoustic Ver.),1
574,벤 - Iced Coffee,1
575,새벽에 - 잠들기전에,1
576,Kandace Springs - Unsophisticated (Feat. Roy Hargrove),1
577,Men I Trust - Lauren,1
578,George Benson - I Remember Wes,1
579,정다경 - 가슴 아프게,1
580,"Oh, Be Clever - Lost You",1
581,아이유 - 마음,1
582,"Itzhak Perlman, London Philharmonic Orchestra - Vivaldi : The Four Seasons Violin Concerto No.3 In F Major Op.8 RV.293 `Autumn` - I. Allegro Non Molto (비발디 : 사계 바이올린 협주곡 3번 바장조 작품번호 8 `가을` - 1악장)",1
583,"Angger Dimas, Nervo - Give It All Up",1
584,에이프릴 세컨드 - 질투의 화신,1
585,잔나비 - 주저하는 연인들을 위해,1
586,Junior Brielle - Oh Julian,1
587,"Ernst Wallfisch, Jorg Faerber, Wurttemberg Chamber Orchestra Heilbronn - Telemann : Concerto For Viola, Orchestra And B.C. In G Major - II. Allegro (텔레만 : 비올라, 관현악과 통주저음을 위한 협주곡 사장조 - 2악장)",1
588,케이윌 - 리얼러브송,1
589,브라운아이드걸스 - 오아시스 (Feat. 이재훈),1
590,Red Velvet (레드벨벳) - Huff n Puff,1
591,Glimmer Of Blooms - All I Want,1
592,Halsey - Colors,1
593,피아노 연주곡 모음 - 모두의 자장가,1
594,소진 (Sojin) - 매일 그대와,1
595,나무그늘 - 위로가 필요한 밤,1
596,Bria Skonberg - Whatever Lola Wants,1
597,"서현진, 유승우 - 사랑이 뭔데",1
598,엔플라잉 (N.Flying) - 팔불출,1
599,Anna Clendening - Boys Like You,1
600,"육성재, 오승희 - 궁금해",1
601,"소유 (SOYOU), 정기고 - 썸 (Feat. 릴보이 Of 긱스)",1
602,스텔라장 (Stella Jang) - 아이고 (I Go),1
603,Olmos - See Her Again,1
604,CHVRCHES - The Mother We Share,1
605,10000 Maniacs - Can`t Ignore The Train ,1
606,잠들기전 - Mussorgsky : Pictures At An Exhibition - Promenade (무소륵스키 : 전람회의 그림 - 프롬나드),1
607,김나희 - 곡예사의 첫 사랑,1
608,스윗소로우 - 설레고 있죠,1
609,LANY - Super Far,1
610,Oscar Peterson - Wave,1
611,"서교동꽃거지, Wild Dingo - True Love",1
612,김동률 - 동화 (feat. 아이유),1
613,"Lilya Zilberstein - Ravel: Sonatine, M.40 - 1. Modr",1
614,"하상욱, 옥상달빛 - 좋은 생각이 났어, 니 생각",1
615,The 1975 - The Sound,1
616,숙행 - 나야 나,1
617,David Benoit - Song For My Father,1
618,Olivia Ong - Close To You,1
619,Itzhak Perlman - Joplin : The Entertainer (조플린 : 엔터테이너),1
620,가을방학 - 취미는 사랑 (Album Ver.),1
621,Years & Years - If You`re Over Me,1
622,Kei - 프라하의 밤 (Night of Praha),1
623,김정범 - We Will Make It Right (Feat. 안신애),1
624,"로꼬, 펀치 (Punch) - Say Yes",1
625,Wave and So - Way Hey,1
626,"Susan Palma, Nancy Allen, Orpheus Chamber Orchestra - Mozart: Concerto For Flute, Harp, And Orchestra In C, K.299 - Cadenza By Susan Palma And Bernard Rose - 3. Rondeau. Allegro",1
627,Eliane Elias - A Sorte Do Amor (The Luck Of Love),1
628,Eugen Cicero - Tchaikovsky : Swan Lake Act.II Op.20 - Piu Mosso,1
629,Charlie Lim (찰리 림) - Knots,1
630,Maroon 5 - Never Gonna Leave This Bed,1
631,바이브 - 봄비,1
632,"숙행, 정다경 - 미워도 다시 한 번",1
633,Foley - Talk About It,1
634,LANY - Flowers On The Floor,1
635,박재범 - DRIVE (Feat. GRAY),1
636,"태일 (블락비), 김소희 - Falling You",1
637,The Real Group - Walking Down The Street,1
638,"Anne-Sophie Mutter, Andre Previn - Mendelssohn: Lieder ohne Worte, Op. 62 - 6. Frhlingslied (Arr. for Violin and Piano by Fritz Kreisler)",1
639,김소유 - 십분 내로,1
640,스윗소로우 - 첫 데이트,1
641,콜린 (COLL!N) - orange,1
642,김청하 - 두근두근,1
643,아이유 - 밤편지,1
644,"Gill Chang, Cimo Frankel - When You Were Mine",1
645,김양 - 잡초,1
646,박원 - 이방인,1
647,멜로디데이 (MelodyDay) - 달콤하게 랄랄라,1
648,My Tree - 스며든 이야기,1
649,짙은 - Little Tiny Baby (Feat. 타루),1
650,Cloud - Falling Slowly,1
651,에일리 - 파란 봄,1
652,Toki Asako - 小麥色のマ-メイド / Komugiirono Mermaid (밀가루색 머매이드),1
653,Curtis Stigers - Things Have Changed,1
654,잠들기전 - Handel : Xerxes HWV.40 - Ombra Mai Fu `Largo` (헨델 : 세르세 - 그리운 나무 그늘이여 `라르고`),1
655,Sarah Schuster Ericsson - Hindemith: Harp Sonata - Ii. Lebhaft,1
656,"Mandy Moore - When Will My Life Begin? (From ""Tangled"" / Soundtrack Version)",1
657,So Below - Close,1
658,Anneli Evaldson - Give Me The Night,1
659,Corinne Bailey Rae - Put Your Records On,1
660,이루마 - 봄의 왈츠 (Piano Ver.),1
661,Radical Face - Doubt,1
662,빌리어코스티 - 니가 미치도록 사랑스러운건지,1
663,임성용 - If I Love You.,1
664,타미송 - Riverside,1
665,Clementine - Fly Me To The Moon (From 애니메이션 신세기 에반게리온),1
666,Shaggy - It Wasn`t Me,1
667,임지현 - 잠시 나였던 너,1
668,편안한 클래식 - Beethoven : Piano Sonata No.14 In C Sharp Minor Op.27-2 Moonlight - II. Allegretto (베토벤 : 피아노 소나타 14번 다단조 작품번호 27-2 월광 - 2악장),1
669,Jos James - Use Me,1
670,김병화 - 첫사랑,1
671,"차오루, 키썸 (Kisum), 예린 (여자친구) - 왜 또 봄이야",1
672,kwassa - woozy,1
673,Tori Kelly - Treasure,1
674,안소미 - 술 한잔,1
675,Virginia To Vegas - Just Friends,1
676,Morley - What Are Stars? (Rwanda),1
677,Brother Leo - Shine,1
678,TSUUDEN YOSHIZO - In The Evening,1
679,Physical - Spinning,1
680,볼빨간사춘기 - #첫사랑,1
681,f(x) - 피노키오 (Danger),1
682,볼빨간사춘기 - X Song,1
683,"러블리즈 - 지금, 우리",1
684,Caetano Veloso - Samba Em Paz,1
685,아이오아이 (I.O.I) - 너무너무너무,1
686,Raymond Gibson - Grace,1
687,Wes Montgomery - Tequila,1
688,Boehm - Cool Kidz,1
689,Guy Sebastian - High On Me,1
690,Olivia O`Brien - Just A Boy,1
691,Jake Walker - Simple Things,1
692,Wanna One (워너원) - 트리플포지션 - 캥거루 (Kangaroo) (Prod. ZICO),1
693,비비안 (BBAHN) - 난 그대 하나만 곁에 있으면,1
694,"스무살 - 걷자, 집앞이야 (Feat. 주예인)",1
695,Selena Gomez - Sober,1
696,Hekuto Pascal - fish in the pool,1
697,Raymond Gibson - Lonely Star,1
698,"James Morrison, BBC Concert Orchestra, Keith Lockhart - They Can`t Take That Away From Me (From `Shall We Dance`)",1
699,Maroon 5 - Sunday Morning (Demo),1
700,"OMI, Felix Jaehn - Masterpiece",1
701,Andrew Wasylyk - Trough the Field Beyond the Trees Lies the Ocean,1
702,박성연 - 복숭아 (dance ver.),1
703,정다경 - 사랑의 신호등,1
704,장범준 - 노래방에서,1
705,Kyle Church - This Moment That We`re In,1
706,Peter White - Do I Do,1
707,송가인 - 묻고싶어요,1
708,Ralph Towner - My Foolish Heart,1
709,"Moon (혜원) - Quando, Quando, Quando",1
710,박채원 - 늦은사랑,1
711,마틴스미스 - 알고싶어 (Remastering Ver.),1
712,제이 리 - Suddenly,1
713,Girli - Stick Out,1
714,The Corrs - Only When I Sleep,1
715,에브리 싱글 데이 - 에코,1
716,Jasmin - 회전목마,1
717,긱스 (Geeks) - Fly,1
718,달에닿아 - Our song,1
719,Louis Tomlinson (One Direction) - Two of Us,1
720,The Beatles - Words Of Love (Remastered 2009),1
721,박재범 - Me like yuh (k) (Feat. Hoody),1
722,Three Days Grace - I Hate Everything About You,1
723,새벽공방 - 내(가) 너(를),1
724,Pure Bathing Culture - Pray For Rain,1
725,라붐(LABOUM) - 3 Strike Out,1
726,"폴킴 - 모든 날, 모든 순간 (Every day, Every Moment)",1
727,Shizuko Mori - 봄의 선물,1
728,클래지콰이 - 함께라면 (Feat. 김진표) (JTBC 드라마 `우리 결혼할 수 있을까` 삽입),1
729,온리유 - Love Love Love (With 노르웨이 숲),1
730,Mono Tape - 이제는 안녕,1
731,Lim Kim - Number 1,1
732,Andy McKee - When She Cries,1
733,이달의 소녀 오드아이써클 - Sweet Crazy Love,1
734,Depapepe - 風見鷄 / Kazamidori (풍향계),1
735,FTISLAND (FT아일랜드) - Morning Coffee,1
736,서액터 (Seo actor) - 에스프레소 (Espresso),1
737,러브래빗 - 미소가 주는 행복,1
738,제이미 - 왠지 요즘,1
739,최한솔 - 사르르 (With Sondia),1
740,"Budapest Strings, Karoly Botvay, Andrea Vigh - Handel: Organ Concerto No. 6 In B-Flat Major, Op. 4, No. 6, HWV 294 (Version For Harp And Orchestra) - I. Allegro",1
741,백건우 - Beethoven : Piano Sonata No.3 In C Major Op.2-3 - IV. Allegro Assai (베토벤 : 피아노 소나타 3번 다장조 작품번호 2-3 - 4악장),1
742,버벌진트 - 굿모닝 (Feat. 권정열 Of 10cm),1
743,Lemaitre - Fast Lovers,1
744,언니네 이발관 - 산들산들,1
745,Itzhak Perlman - Elgar : Salut D`amour In E Major Op.12 (엘가 : 사랑의 인사 마장조 작품번호 12),1
746,"Earth, Wind & Fire - September",1
747,Sondre Lerche - Bad Liar,1
748,홍자 - 여기요,1
749,Beta Play - Walk Away,1
750,피아노 연주곡 모음 - 기억속 그림들,1
751,Naomi & Goro - Concil Meetin`,1
752,"Chris Brown, Benny Benassi - Paradise (Radio Edit.)",1
753,Paul Jackson Jr. - Still Small Voice,1
754,헤이즈 (Heize) - E.T,1
755,Ava Max - So Am I,1
756,마음치유 - 꿈속에서 본 너 (패드소리),1
757,달에닿아 - 벚꽃 레이스,1
758,솔루션스 (THE SOLUTIONS) - Love Again,1
759,MAALA - In My Head,1
760,Richard Elliot - Crush,1
761,멜로망스 - 아주 멀지 않은 날에,1
762,김사랑 - 순정만리,1
763,정세운 - 뭔가 있어,1
764,Ben Rector - Brand New,1
765,Gontiti - Sunflower,1
766,엘리스 (ELRIS) - 우리 처음,1
767,볼빨간사춘기 - 썸 탈꺼야,1
768,Anne-Marie - 2002,1
769,이지영 (빅마마) - Find The Day,1
770,GOT7 (갓세븐) - 딱 좋아 (Just right),1
771,지민 (AOA) - 야 하고 싶어 (Feat. 시우민 of EXO),1
772,"Herbert Von Karajan, Berliner Philharmoniker - Dvorak : Symphony No.9 In E Minor Op.95 `From The New World` - II. Largo (드보르작 : 교향곡 9번 마단조 작품번호 95 `신세계로부터` - 2악장)",1
773,언니네 이발관 - 어떤날,1
774,"Herbert Von Karajan, Berliner Philharmoniker - Bizet : Carmen Suite No.1 - Entr`acte (Act.III)",1
775,정미애 - 수은등,1
776,고희안 트리오 - Do You Have a Boyfreind?,1
777,Fenne Lily - Three Oh Nine (Live At Festival No.6),1
778,nicopop. - Elephant (Feat. Josh Wood),1
779,나비 - 사랑을 그려요,1
780,새벽에 - 행복한 시간,1
781,Richard Edlinger - 파헬벨 : 캐논,1
782,편안한 클래식 - Brahms : 4 Piano Pieces No.4 In E Flat Major Op.119 - Rhapsodie (브람스 : 4개의 피아노 소품 4번 내림 마장조 작품번호 119 - 광시곡),1
783,Oshio Kotaro - 月のナミダ / Tsukino Namida (달의 눈물),1
784,우효 - 소녀감성100퍼센트,1
785,CHEEZE (치즈) - Madeleine Love,1
786,Akira Jimbo - Double Rainbow,1
787,Adam Friedman - Lemonade (Feat. Mike Posner),1
788,Buck Meek - Halo Light,1
789,Aaron Smith - Dancin (Feat. Luvli) (Krono Remix),1
790,Jonah Levine Collective - Zootcase (Feat. Mndsgn),1
791,Gedina - 2 Piece,1
792,Why Don`t We - Trust Fund Baby (The White Panda Remix),1
793,Angelo De Augustine - Somewhere Far Away from Home,1
794,멜로망스 - 네 옆에 있을게,1
795,"Pietro De Maria - J.S. Bach: Das Wohltemperierte Klavier: Book 1, BWV 846-869 - Prelude in C sharp major BWV 848",1
796,Healing - Fresh Morning,1
797,Jaimee Paul - I Remember You (Feat. Mason Embry Trio),1
798,WABLE (와블) - 보라빛 향기,1
799,Lost Boy - Poison,1
800,메이트리 (Maytree) - 내맘속엔 언제나,1
801,Tommy Emmanuel - Somewhere Over The Rainbow,1
802,사계절정원 - 봄 (Piano Ver.),1
803,Novo Amor - Carry You,1
804,뉴에이지 피아노 연주곡 - 02.뉴에이지 피아노 연주곡 : 기차 여행,1
805,Myle.D - River Bench,1
806,정승환 - 비가 온다,1
807,수지 (SUZY) - 왜 이럴까,1
808,Dylan Joel - Done Witchu,1
809,홍대광 - LOVE IS YOU,1
810,볼빨간사춘기 - 나만 안되는 연애,1
811,키썸 (Kisum) - 심상치 않아 (Feat. 주영),1
812,Jess Glynne - Hold My Hand,1
813,"Yetzabel Arias Fernandez, Ars Atlantica - Marin : Van Y Vienen Mis Pensamientos",1
814,"Stan Getz, Joao Gilberto - Desafinado (Feat. Antonio Carlos Jobim)",1
815,아이유 - 스물셋,1
816,Guitar Duo - Hymne A L`amour (If You Love Me),1
817,Sigrid - Mine Right Now (Simon Hardy Remix),1
818,이지수 - 마지막 인사,1
819,The Bird And The Bee - Los Angeles,1
820,Sigrid - High Five,1
821,볼빨간사춘기 - 상상,1
822,JOHN.k - Rum n Tequila,1
823,최낙타 - 귀여워,1
824,Phoenix - Rome,1
825,Johnny Orlando - Let Go,1
826,슈가볼 - 설레더라,1
827,이소라 - 신청곡 (Feat. SUGA of BTS),1
828,Jim James - Lucky Man,1
829,"팔로알토 (Paloalto) - 피나콜라다 (Pina Colada) (Feat. Owell Mood, OLNL)",1
830,강예슬 - 러브레터,1
831,Candlebox - Come Home,1
832,비투비 - 너 없인 안 된다,1
833,오존 (O3ohn) - Oooh,1
834,"문명진, 태일 (블락비) - 봄 그대 (You`re my spring)",1
835,Anil Sebastian - Living,1
836,태연 (TAEYEON) - Rain,1
837,European Jazz Trio - Etude No.17 (Op.25-5),1
838,아이유 - 삐에로는 우릴 보고 웃지,1
839,Paul Desmond - Samba With Some Barbecue,1
840,웅산 - Love is strong,1
841,"Purple LP (퍼플엘피) - Gloomy Monday (Feat. 양동근(YDG), Kaya)",1
842,브로맨스 (VROMANCE) - 사랑에 빠진 걸까요 (Feat. 오브로젝트),1
843,카드 (KARD) - 밤밤(Bomb Bomb),1
844,피아노 연주곡 모음 - 누군가의 밤,1
845,TSUUDEN YOSHIZO - The End Of The World,1
846,Mukai Taichi (무카이 타이치) - Break Up,1
847,너를 만나 - 고백,1
848,클래식 명작 - Granados : 12 Danzas Espanolas Op.37 - III. Fandango. Zarabanda (그라나도스 : 12개의 스페인 무곡 작품번호 37 - 3번. 판당고. 사라방드),1
849,Bebe Rexha - (Not) The One,1
850,Louis Hayes - Summer In Central Park,1
851,하성운 - BIRD,1
852,Cherry B (체리비) - Lovin` U (러빙유),1
853,Wes Montgomery - How Insensitive,1
854,"Geek, Taylor Jones - Paralyzed",1
855,남우현 - 사랑해,1
856,김수연 - For Once In My Life (Kor. Duet ver.),1
857,1415 - 이토록 네가 눈부셔,1
858,Nina - Foolish Heart,1
859,Paul Mauriat - Love Is Blue,1
860,"Academy of St. Martin in the Fields, Neville Marriner - Dolly Suite, Op.56 (1894-97) Le jardin de Dolly",1
861,Bobbi Humphrey - Blacks And Blues,1
862,자장가 - 자장가,1
863,Raymond Gibson - Remember the Name,1
864,"정인, 개리 - 사람냄새",1
865,오왠 (O.WHEN) - 언젠,1
866,"WABLE (와블), 아녹 (Anoc) - 겨울",1
867,Red Velvet (레드벨벳) - 달빛 소리 (Moonlight Melody),1
868,멜로우 데이즈 - 우리 같이 걸어요,1
869,Taruishi Masatoshi - Alone Again(Naturally),1
870,Cheat Codes - Be The One (with Kaskade),1
871,Red Velvet (레드벨벳) - Somethin Kinda Crazy,1
872,"Gordon Hunt, Vladimir Ashkenazy, Radio Symphonie Orchester Berlin - R.Strauss : Oboe Concerto In D Major TrV.292 - I. Allegro Moderato (리하르트 슈트라우스 : 오보에 협주곡 라장조 - 1악장)",1
873,Various Artists - 잡지 못할 사랑 (조강 테마),1
874,The Puppini Sisters - Heart Of Glass,1
875,Los Lobos - La Bamba,1
876,Smokey & Miho - Blue Glasses,1
877,Dani Maya - Balanco Zona Sul,1
878,백지영 - 봄비,1
879,장유정 - 이 순간 이 느낌,1
880,빌리어코스티 - 길을 걸으면,1
881,럼블피쉬 - 사랑의 계절,1
882,Boy Pablo - Sick Feeling,1
883,"Sioen - Cruisin` (기네스 펠트로, 다니엘 헤니 출연 `빈폴` 광고 삽입곡)",1
884,"정승환 - 다시, 봄",1
885,Natalie Cole - Better Than Anything,1
886,Family Of The Year - Let Her Go,1
887,Gidon Kremer - Bach : Violin Partita No.3 In E Major BWV.1006 - V. Bouree (바흐 : 바이올린 파르티타 3번 마장조 - 5번. 부레),1
888,권진아 - Fly away,1
889,"은하 (여자친구), 키썸 (Kisum) - Mr. Stranger",1
890,호우 - Imagine,1
891,에이프릴 세컨드 - 독보적으로 아름답소,1
892,Gabriela Richardson - Crime,1
893,Warren Hill - You Are So Beautiful,1
894,EXO - Ko Ko Bop,1
895,좋아서하는밴드 - 너에게 흔들리고 있어,1
896,"Ketil Bjornstad (케틸 비외른스타드), Tore Brunborg, Jon Christensen - Remembrance II",1
897,Sweet Candle - Distance,1
898,에브리 싱글 데이 - 돌고래,1
899,Rachel Belman - Come And Go,1
900,Lauran Hibberd - Cool Shotgun,1
901,홍자 - 살아생전에,1
902,Cosmo`s Midnight - C.U.D.I. (Can U Dig It),1
903,Rachel Belman - Leading Me Home,1
904,VITAMIN - This Isn`t Love,1
905,서영은 - 좋아 좋아,1
906,Sarah McKenzie - When In Rome,1
907,Ed Sheeran - One,1
908,비투비 - 두 번째 고백,1
909,올리버 - Happy Rain,1
910,Melody Noel - Antifaz,1
911,Falia - Far,1
912,Starbenders - Far From Heaven,1
913,Red Velvet (레드벨벳) - Happily Ever After,1
914,Landon Austin - Timeless,1
915,Blue Dxxk (블루덕) - Beautiful Day,1
916,성시경 - 눈부신 고백,1
917,박경 (블락비) - 보통연애 (Feat. 박보람),1
918,Maroon 5 - Sunday Morning,1
919,1415 - 선을 그어 주던가,1
920,"Robby East, Foxa - Not Today (feat. Veronica Bravo)",1
921,로꼬 - 엉켜 (Feat. pH-1),1
922,Madeon - Pay No Mind (Feat. Passion Pit),1
923,이요한 (OFA) - 어떡해 (Feat. 스텔라장),1
924,루시드 폴 - 보이나요?,1
925,Paul Jackson Jr. - It's A Shame,1
926,"Antonio Carlos Jobim, Elis Regina - Aguas De Marco",1
927,잠들기전 - Tchaikovsky : Piano Concerto No.1 In B Flat Minor Op.23 (차이콥스키 : 피아노 협주곡 1번 내림 나단조 작품번호 23),1
928,하오 - Good Night,1
929,Cecilia Dale - Can`t Take My Eyes off of You,1
930,"Various Artists - One More Time, One More Chance (초속5센티미터 OST 2007)",1
931,Natalie Cole - What You Won`t Do For Love (Feat. Peabo Bryson),1
932,"우쿨렐레 피크닉 - 알로하, 기분 좋은 인사",1
933,잠들기전 - J.S.바흐 : 예수는 우리의 참된 기쁨,1
934,페퍼톤스 (Peppertones) - 캠퍼스 커플 (With 옥상달빛),1
935,송혜원 - Deep asleep,1
936,"Jascha Heifetz, Emmanuel Bay - Kroll : Banjo And Fiddle (크롤 : 반조와 피들)",1
937,Owl City - My Everything,1
938,Nilufer Yanya - In Your Head,1
939,The Modern Strangers - Nothing On You,1
940,Above Envy - Fly Away (MBC TV 무한도전 `조정 편` 삽입곡),1
941,Above Waves - Fugitives,1
942,규민 - 봄소리,1
943,존박 - DND (Do Not Disturb),1
944,박보영 - 나의 왕자님 (My Prince),1
945,나원주 - You Make Me Smile,1
946,"Peggy Lee - Eight, Nine And Ten - (Previously Unreleased)",1
947,오마이걸X유재환 - 사랑 속도,1
948,볼빨간사춘기 - Clip,1
949,박보람 - 예뻐졌다 (Feat. 지코 Of Block B),1
950,Trijntje Oosterhuis - I Say A Little Prayer,1
951,이진아 - Everyday,1
952,공원소녀(Girls in the Park) - Puzzle Moon (퍼즐문),1
953,"Vice - Piata (Feat. BIA, Kap G & Justin Quiles)",1
954,오브로젝트 - 봄이라서 발매함,1
955,"Itzhak Perlman, London Philharmonic Orchestra - Vivaldi : The Four Seasons Violin Concerto No.1 In E Major Op.8 RV.269 `Spring` - I. Allegro (비발디 : 사계 바이올린 협주곡 1번 마장조 작품번호 8 `봄` - 1악장)",1
956,Various Artists - I Will,1
957,Dave Grusin - River Song,1
958,볼빨간사춘기 - Blue,1
959,THREE1989 - UNIVERSE,1
960,Dept (뎁트) - You (Feat. Jayci yucca),1
961,원효연 - Little Dreams (With 정아),1
962,My Tree - 오늘은 왠지...,1
963,109 - 지금 만나야 해,1
964,Myle.D - 조심히 들어가,1
965,피터팬 컴플렉스 - 모닝콜,1
966,주원 - 내가 만일,1
967,"샘김 (SAM KIM), 로꼬 - Think About` Chu (Prod. By 박근태)",1
968,Yuna - Blank Marquee (Feat. G-Eazy),1
969,마마무(Mamamoo) - LOVE,1
970,보이쳐 - Honey Moon,1
971,Green Day - Once Upon A Time,1
972,Sergio Mendes - Wave (From `Equinox`),1
973,노영심 - 보내지 못한 마음 (Piano Ver.) (Inst.),1
974,멜로망스 - 짙어져,1
975,CNBLUE (씨엔블루) - Can`t Stop,1
976,Glimmer Of Blooms - Take My Hand,1
977,Sasaki Isao - Sky Walker,1
978,Terri Lyne Carrington - I`m A Fool To Want You (Feat. Chaka Khan),1
979,남규리 - Candle in the rain,1
980,Tove Styrke - On the Low,1
981,Alexander Jean - Stampede (Feat. Lindsey Stirling),1
982,수지 (SUZY) - HOLIDAY (Feat. DPR LIVE),1
983,"Alice Hart - 봄의 찬가 (맥심 모카골드 CF, tvN 꽃보다 할배 삽입곡)",1
984,EDX - All I Know,1
985,William Lipton - Get Up,1
986,키 (KEY) - I Wanna Be (Feat. 소연 of (여자)아이들),1
987,에릭남 (Eric Nam) - 소나기,1
988,Marteen - Sriracha,1
989,Super Cruel - ME+YOU (feat. Hazlett),1
990,충완 - 도시달빛,1
991,백아연 - 키다리 아저씨,1
992,"Maurizio Moretti - Tchaikovsky: Seasons, Op.37a - April: Snowdrop",1
993,맥켈리 - BABY,1
994,Great Good Fine OK - Already Love,1
995,미유 (MIYU) - 우리의 봄날은 지나갔지만,1
996,Alfred Brendel - Haydn : Piano Sonata No.50 In D Major Hob.XVI/37 - I. Allegro Con Brio (하이든 : 피아노 소나타 50번 라장조 - 1악장),1
997,Reason - 늦은 오후,1
998,Jamie Lawson - Wasn`t Expecting That,1
999,"San E, 레이나 (Raina) - 달고나",1
1000,HAON (김하온) - LOVE ! DANCE ! (Prod. BOYCOLD),1
1001,Kelly Clarkson - Broken & Beautiful,1
1002,FRND - Medicine,1
1003,I Don't Like Mondays. - A GIRL IN THE CITY,1
1004,박재범 - YACHT (k) (Feat. Sik-K),1
1005,마마무(Mamamoo) - 봄타,1
1006,서준 - 애수,1
1007,"Claudio Abbado, London Symphony Orchestra - Mendelssohn : Symphony No.1 In C Minor Op.11 MWV N.13 - II. Andante (멘델스존 : 교향곡 1번 다단조 작품번호 11 - 2악장)",1
1008,김지수 - Dream All Day,1
1009,새봄 (saevom) - 서른 밤째 (With 한올),1
1010,"Julian Lloyd Webber, John Lenehan - Faure : Dolly Suite Op.56 - I. Berceuse (포레 : 돌리 모음곡 작품번호 56 - 1번. 자장가)",1
1011,Vacations - On Your Own,1
1012,이승환 - 너에게만 반응해 (Feat. 이소은),1
1013,참깨와 솜사탕 - 넌 내가 얼마나 안고 싶은지 모르지,1
1014,Arild Andersen - Pavane,1
1015,Ayokay - Stay With Me (Feat. Jeremy Zucker),1
1016,클래식 하프 - Albeniz : Espana Suite Op.165 - II. Tango (알베니스 : 스페인 모음곡 작품번호 165 - 2번. 탱고),1
1017,Olivia Ong - Where Is The Love,1
1018,"Hailee Steinfeld, BloodPop® - Capital Letters (50가지 그림자 : 해방 OST) (Fifty Shades Freed OST)",1
1019,"Charli XCX, Troye Sivan - 1999",1
1020,"Skaila Kanga, Tommy Reilly - Traditional: Skye Boat Song (Arr. S. Kanga) - Skye Boat Song (Arr. S. Kanga For Harmonica And Harp)",1
1021,버스커 버스커 - 봄바람,1
1022,클래식 하프 - Beethoven : Piano Sonata No.14 In C Sharp Minor Op.27-2 `Moonlight ` - I. Adagio Sostenuto (베토벤 : 피아노 소나타 14번 올림 다단조 작품번호 27-2 `월광` - 1악장),1
1023,The Byrds - Mr. Tambourine Man,1
1024,"Bobby McFerrin - Don`t Worry, Be Happy",1
1025,상쾌한 클래식 - Mendelssohn : Songs Without Words Book I. No.3 In A Major Op.19 `Hunting Song` (멘델스존 : 무언가 1권 3번 가장조 작품번호 19 `사냥의 노래`),1
1026,Khalid - Talk (Disclosure VIP),1
1027,Birdy - Keeping Your Head Up,1
1028,Meghan Trainor - Badass Woman,1
1029,볼빨간사춘기 - 고쳐주세요,1
1030,말로 - 가족의 탄생,1
1031,원더걸스 - Why So Lonely,1
1032,박봄 - 봄 (feat. 산다라박),1
1033,Olly Murs - Wrapped Up (Feat. Travie McCoy),1
1034,HUS (허밍어반스테레오) - Oh My Baby,1
1035,Olsson - Parasol,1
1036,말로 - 사랑이 여기 있으니,1
1037,Vanessa Mai - Strker,1
1038,Raymond Gibson - Aurora,1
1039,Teeers - New Friends,1
1040,주비 - 보이지 말아줘,1
1041,"프라이머리, 오혁 - 공드리 (Feat. 김예림)",1
1042,데이브레이크 (DAYBREAK) - Sunny Sunny,1
1043,Guy Sebastian - Choir,1
1044,"Eliane Elias - Baubles, Bangles And Beads",1
1045,Crinkle Cut - Through,1
1046,Ladyhawke - A Love Song,1
1047,Kristian Grostad - Karoline,1
1048,"Laura Ann, Quatro Na Bossa - Summer Samba",1
1049,존박 - 네 생각,1
1050,"박지윤, 조형우 - 채널 고정",1
1051,잔나비 - 꿈나라 별나라,1
1052,The Tokens - The Lion Sleeps Tonight,1
1053,Jason Derulo - Swalla (Feat. Nicki Minaj & Ty Dolla $ign),1
1054,Louis Yoelin - Starting New,1
1055,연필 (The Pencil) - 소풍가는 길,1
1056,정기고 - 말하자면 (Feat. Hoody) (Prod. Primary),1
1057,"Emma Sameth, Jeremy Zucker, Wolfe - Spin With You",1
1058,폴킴 - Wanna Love You,1
1059,하성운 - Lonely Night,1
1060,"Nils Petter Molvaer, Eivind Aarset, Morten Molster, Roger Ludvigsen, Rune Arnesen, Ulf WO Holand, Reidar Skar - On Stream",1
1061,크리스마스니까 - Mendelssohn : Songs Without Words Book II. No.3 In E Major Op.30 (멘델스존 : 무언가 2권 3번 마장조 작품번호 30),1
1062,"Charlie Haden, Jan Garbarek, Egberto Gismonti - Palhaco",1
1063,Swalo - Lofty,1
1064,Sara Diamond - Unsure,1
1065,"SG Lewis, Clairo - Better (SG Lewis x Clairo)",1
1066,Giovanni Guidi Trio - Quizas Quizas Quizas,1
1067,Sakamoto Ryuichi - Fotografia-Photograph,1
1068,비비안 로 (Vivien Loh) - New Day,1
1069,TWICE (트와이스) - TT,1
1070,Tom Odell - Another Love (Zwette Edit),1
1071,Alec Benjamin - Death Of A Hero,1
1072,원 모어 찬스 (one more chance) - 리얼 러브 송,1
1073,"Maurizio Pollini, Claudio Abbado, Berliner Philharmoniker - Brahms: Piano Concerto No. 2 in B-Flat Major, Op. 83 - 3. Andante - Pi adagio (Live)",1
1074,피아노 연주곡 모음 - 천천히 천천히,1
1075,"Zedd, Grey, Maren Morris - The Middle",1
1076,클래식 명작 - Granados : 12 Danzas Espanolas Op.37 - II. Oriental (그라나도스 : 12개의 스페인 무곡 작품번호 37 - 2번. 동양적),1
1077,잔잔한 피아노 - Schumann : Scenes From Childhood Op.15 - X. Almost Too Serious (슈만 : 어린이의 정경 작품번호 15 - 10번. 약이 올라서),1
1078,"박재정, 마크 (MARK) - Lemonade Love",1
1079,Normal puppy - Attention,1
1080,새벽에 - 자장가,1
1081,Saints Of Valory - BLEEDING RAINBOWS (Need You),1
1082,정미애 - 장녹수,1
1083,곽서요 - I Belong to You,1
1084,Daft Punk - Get Lucky (Feat. Pharrell Williams),1
1085,김수연 - For Once In My Life (영화삽입 Live ver.),1
1086,406호 프로젝트 - 남들이 말하는 사랑,1
1087,박보람 - 꿈만 같아,1
1088,여행이야기 - 하루를 마치며,1
1089,투개월 - The Romantic,1
1090,Benedikt Jahnel Trio - For The Encore,1
1091,코다 브릿지 - 내맘에 놀러와,1
1092,시크릿 - I Do I Do,1
1093,406호 프로젝트 - 좋아하면 원래,1
1094,This Wild Life - Headfirst,1
1095,Ariana Grande - NASA,1
1096,멜로망스 - 사랑하고 싶게 돼,1
1097,Julia Hulsmann Trio - Kiss From A Rose,1
1098,New Hope Club - Start Over Again,1
1099,달빛바다 - Birds Singing,1
1100,XIA (준수) - How Can I Love You,1
1101,Roy Hargrove - Speak Low,1
1102,김양 - 우지마라 (트로트),1
1103,주다인 - 러브코드,1
1104,Cassandra Wilson - Fragile,1
1105,Twain - Death (or S.F.?),1
1106,Red Velvet (레드벨벳) - 환생 (Rebirth),1
1107,DJ Cassidy - Honor (Feat. Grace & Lil Yachty),1
1108,김양 - 흥부자,1
1109,Itzhak Perlman - Joplin : Elite Syncopations (조플린 : 엘리트 싱코페이션),1
1110,Troye Sivan - Strawberries & Cigarettes,1
1111,클래식 하프 - Clementi : Piano Sonatine No.1 In C Major Op.36 - III. Vivace (클레멘티 : 피아노 소나티네 1번 다장조 작품번호 36 - 3악장),1
1112,소란 (SORAN) - 행복,1
1113,Kate Ellis - I Believe,1
1114,Kristofer Astrom - Cat Eye Song,1
1115,Openside - All I Really Want,1
1116,잔잔한 피아노 - Schumann : Scenes From Childhood Op.15 - XIII. The Poet Speaks (슈만 : 어린이의 정경 작품번호 15 - 13번. 시인의 이야기),1
1117,Naomi & Goro - Aguas De Marco,1
1118,MountainCity - Try Again,1
1119,Naomi & Goro - Rio De Janeiro (Maresia),1
1120,Khalid - 8Teen,1
1121,Knox Hamilton - Video Sunshine,1
1122,"심규선 (Lucia), 에피톤 프로젝트 - 꽃처럼 한 철만 사랑해 줄 건가요? (Sakura Moment)",1
1123,하성운 - 오.꼭.말,1
1124,이소라 - 그냥 이렇게,1
1125,"Itzhak Perlman, Samuel Sanders - Kreisler : Toy-Soldiers` March (크라이슬러 : 장난감 병정 행진곡)",1
1126,John Williams - Trip To London,1
1127,양요섭 - 카페인 (Feat. 용준형 Of BEAST),1
1128,선우정아 - 봄처녀,1
1129,도넛맨 (Donutman) - Science Love (Feat. 기리보이),1
1130,노영심 - 당신의 행운을 돌려드립니다 (Inst.),1
1131,크리스마스니까 - Clementi : Piano Sonatine No.3 In C Major Op.36 - I. Spritoso (클레멘티 : 피아노 소나티네 3번 다장조 작품번호 36 - 1악장),1
1132,The Apache Relay - Katie Queen Of Tennessee,1
1133,Itzhak Perlman - Kreisle : Schon Rosmarin Op.55 (크라이슬러 : 아름다운 로즈마린 작품번호 55),1
1134,pH-1 - Game Night,1
1135,Bastille - Quarter Past Midnight,1
1136,OMI - Hula Hoop,1
1137,송가인 - 거기까지만,1
1138,"펀치넬로 (punchnello) - Blue Hawaii (Feat. Crush, PENOMECO) (Prod. by 0channel)",1
1139,Gabriela Anders - Love Is Here To Stay,1
1140,제이 리 - This Morning,1
1141,Jascha Heifetz - Bruch : Violin Concerto No.1 In G Minor Op.26 - III. Finale: Allegro Energico (브루흐 : 바이올린 협주곡 1번 사단조 작품번호 26 - 3악장),1
1142,라디 (Ra. D) - I`m In Love,1
1143,홍자 - 비나리,1
1144,Fleur East - Sax,1
1145,김윤아 - 봄이 오면 (Piano ver.),1
1146,Taylor Swift - Love Story,1
1147,Ron Carter - Besame Mucho,1
1148,"알렉스, 유지 - 웨딩송",1
1149,"Kali Uchis - After The Storm (Feat. Tyler, The Creator & Bootsy Collins)",1
1150,폴킴 - 비,1
1151,Tame Impala - Borderline,1
1152,상쾌한 클래식 - Tchaikovsky : The Seasons Op.37a - IX. September ‘The Hunt’ (차이콥스키 : 사계 작품번호 37a - 9번. 9월. ‘사냥’),1
1153,The Beatles - What You're Doing (Remastered 2009),1
1154,이영미 - 종로를 걸었지,1
1155,Michael Franks - Antonio`s Song,1
1156,"Pat Metheny, Charlie Haden, Billy Higgins - Lonely Woman",1
1157,Lostboycrow - Verona,1
1158,Why Don`t We - 8 Letters,1
1159,"정경화, Phillip Moll - Elgar : Salut D`amour In E Major Op.12 (엘가 : 사랑의 인사 마장조 작품번호 12)",1
1160,신비 (여자친구) - 고백 (Feat. 시진),1
1161,"어쿠스윗, 406호 프로젝트 - 안아보고 싶어",1
1162,Lenny Kravitz - I`ll Be Waiting,1
1163,Walter Lupi - A Whiter Shade Of Pale,1
1164,"Al Jarreau, Metropole Orchestra, Vince Mendoza - After All",1
1165,볼빨간사춘기 - 우주를 줄게,1
1166,Crush - Whatever You Do (Feat. Gray),1
1167,문빛 - 네가 궁금해 (Feat. 109),1
1168,긱스 (Geeks) - 어때 (Feat. 하림),1
1169,Faustix - Thorns,1
1170,Schwarz Dont Crack - Getaway,1
1171,Christopher - Monogamy,1
1172,Lloyd - Excited,1
1173,스윗소로우 - 짜리리릿 (Sign) (Feat. 김이지 of 꽃잠프로젝트),1
1174,June Christy - I've Never Been In Love Before,1
1175,Our Lady Peace - Not Enough,1
1176,Mike Perry - The Ocean (Feat. Shy Martin) (Radio Edit.),1
1177,Luis Bordon - Noite Silenciosa,1
1178,Walk The Moon - Shut Up And Dance (JTBC `냉장고를 부탁해` 삽입곡),1
1179,"Gesaffelstein, The Weeknd - Lost in the Fire",1
1180,에디킴 - 별처럼 빛나는 사랑,1
1181,LUCKY TAPES (럭키테이프스) - Punch Drunk Love,1
1182,"정미애, 두리 (DooRi) - 천하장사 (씨름의 노래)",1
1183,정미애 - 라밤바,1
1184,케이시 (Kassy) - 진심이 담긴 노래 (True Song),1
1185,SURAN (수란) - 전화끊지마 (Feat. pH-1),1
1186,스탠딩 에그 - 무지개 (Feat. 윤닭 Of 오브로젝트),1
1187,Dianne Reeves - Lullaby Of Birdland,1
1188,송가인 - 찍어,1
1189,"Jan Lisiecki, Krzysztof Urbanski, NDR Elbphilharmonie Orchester - Chopin: Rondo  La Krakowiak In F Major, Op. 14 - Introduzione. Andantino quasi Allegretto - Allegro molto",1
1190,웬디 (WENDY) - What If Love,1
1191,4 To The Bar - The One I`ve Loved,1
1192,IZ*ONE (아이즈원) - 아름다운 색,1
1193,June Christy - Give Me The Simple Life,1
1194,EXO - 피터팬 (Peter Pan),1
1195,Mitsume - エスパ / Esper,1
1196,Bird - Blue Sea,1
1197,The Chainsmokers - Closer (Feat. Halsey),1
1198,White Lynx - Heaven On Earth (Feat. Emberlyon),1
1199,Justice Skolnik - Sunshine (Feat. Will Jay),1
1200,Stan Getz & Antonio Carlos Jobim - Desafinado,1
1201,"James Morrison, BBC Concert Orchestra, Keith Lockhart - Our Love Is Here To Stay (From `The Goldwyn Follies`)",1
1202,Stefano Bollani - Hora Da Razao,1
1203,Sergio Mendes & Brasil `66 - Wichita Lineman,1
1204,"애즈원, 이루펀트 - 어떡하죠",1
1205,송가인 - 용두산 엘레지,1
1206,정세운 - It`s you,1
1207,"Krystian Zimerman, Herbert Von Karajan, Berliner Philharmoniker - Grieg : Piano Concerto In A Minor Op.16 - II. Adagio (그리그 : 피아노 협주곡 가단조 작품번호 16 - 2악장)",1
1208,디어클라우드 - 아침,1
1209,Molly Johnson - Let`s Do It (Album Ver.),1
1210,Olly Murs - You Don`t Know Love,1
1211,"에피톤 프로젝트 - 봄날, 벚꽃 그리고 너",1
1212,오!부라더스 - 시원한 바닷물에 퐁당 빠진 로맨스,1
1213,써니힐 - 두근두근,1
1214,Antonio Carlos Jobim - Brazil,1
1215,nicopop. - Below The Ceiling,1
1216,Bavid - Chez Long,1
1217,Mocca - Sunday Afternoon,1
1218,Alexander Oscar - Faces,1
1219,장범준 - 당신과는 천천히,1
1220,"김댕, 팝콘 - 벚꽃이 핀다고 날 찾지 말아요",1
1221,Manu Katche - Song For Her,1
1222,"Andrea Vigh - Bach: The Well-Tempered Clavier, Book 1, BWV 846-869: Prelude And Fugue No. 1 In C Major, BWV 846 (Arr. A. Vigh For Harp)",1
1223,Charli XCX - Blame It On Your Love (feat. Lizzo),1
1224,Jonas Brothers - Sucker,1
1225,존박 - Baby,1
1226,Thomas Gold - Seventeen (Feat. Bright Sparks),1
1227,The La`s - There She Goes,1
1228,Pi Ja Ma - By the River,1
1229,"메이비 (Maybee), 하울 - 연애 (Title) (Feat. 허밍어반스테레오)",1
1230,자미 소울 - 별,1
1231,Tysm - Honeymoon Phase,1
1232,윤시내 - 꽃,1
1233,모네 (그린 카카오) - 기억이란 사랑보다,1
1234,"박재범 - All I Wanna Do (K) (Feat. Hoody, Loco)",1
1235,Wanna One (워너원) - 봄바람,1
1236,Paul Mauriat - Isadora,1
1237,참깨와 솜사탕 - showtime,1
1238,공기남녀 - 간지러워,1
1239,데이브레이크 (DAYBREAK) - 살랑,1
1240,티맥스 - Wish Ur My Love (with J),1
1241,"임시완, 조현아 (어반 자카파) - 째깍째깍",1
1242,Zoltn Kocsis - Debussy: Deux Arabesques L. 66 - No. 1 Andante con moto,1
1243,소녀시대 (GIRLS` GENERATION) - Gee,1
1244,"정명훈, Wiener Philharmoniker - Dvorak : Serenade For Strings In E Major Op.22 B.52 - III. Scherzo. Vivace (드보르작 : 현을 위한 세레나데 마장조 작품번호 22 - 3악장)",1
1245,Edward Chamberlin - The Road To Your Heart,1
1246,라이너스의 담요 - Summer Swing!,1
1247,임단아 - 안식(安息),1
1248,Moonboot - Downhill,1
1249,아이유 - 꿍따리 샤바라 (Feat. 클론),1
1250,아이유 - Red Queen (Feat. Zion.T),1
1251,자이로 (zai.ro) - 너를 그려,1
1252,John Legend - Penthouse Floor (Feat. Chance The Rapper),1
1253,충완 - 3호차 (Feat. 덕스훈트),1
1254,"포이트리 - 흐린 뒤, 맑음 (Feat. 옥상달빛)",1
1255,Brian Blade & The Fellowship Band - Within Everything,1
1256,제이레빗 - Happy Things,1
1257,Joe Pass - Dindi,1
1258,Nnenna Freelon - Smile,1
1259,1415 - Lovable,1
1260,"Tanya Houghton, Matthew Berry, Commotio - Chilcott : The Advent Candle",1
1261,August - Autumn Leaves,1
1262,Anna Goldsworthy - Shostakovich: Dances of the Dolls - 6. Hurdy-Gurdy,1
1263,오렌지 캬라멜 - 아잉♡,1
1264,소녀시대 (GIRLS` GENERATION) - 동화 (My Child),1
1265,소녀시대 (GIRLS` GENERATION) - Paradise,1
1266,Johann Sebastian Bach - Cantata Bwv 62; Coro: Nun komm der Heiden Heiland,1
1267,SKAAR - 24,1
1268,송가인 - 무명배우,1
1269,"에릭남 (Eric Nam), 웬디 (WENDY) - 봄인가 봐 (Spring Love)",1
1270,백예린 - 지켜줄게,1
1271,Eliane Elias - Sambou Sambou,1
1272,Olly Murs - Stevie Knows,1
1273,데이브레이크 (DAYBREAK) - 우린 제법 잘 어울려요 (Prod. by 박근태),1
1274,Patricia Barber - Redshift,1
1275,엔플라잉 (N.Flying) - Preview,1
1276,이민혁 - 벚꽃이 떨어질 때,1
1277,말로 - Eliot (You`re The Music),1
1278,노리플라이 (no reply) - 곁에 있어,1
1279,프롬 - Do You Mind If I Look At You,1
1280,타이거JK - 첫사랑 (Feat. 펀치 (Punch)),1
1281,"볼빨간사춘기 - 안녕, 곰인형",1
1282,잔잔한 피아노 - Schumann : Scenes From Childhood Op.15 - VII. Dreaming (슈만 : 어린이의 정경 작품번호 15 - 7번. 꿈),1
1283,"Kyoto Piano Ensemble - 春よ,い / Haruyokoi (봄이여 오라) (Ver. 2)",1
1284,Safia Mafia - Weed & Wine (Feat. GuapDad 4000),1
1285,소녀시대 (GIRLS` GENERATION) - Kissing You,1
1286,Diana Krall - Heart Of Gold,1
1287,Pat Lok - Mar Vista,1
1288,곽정 - Arirang,1
1289,홍대광 - 너와 나,1
1290,랜디 - 27th Of March,1
1291,정세운 - 너와 나의 거리,1
1292,러블리즈 - 안녕 (Hi~),1
1293,권진아 - 끝,1
1294,길구봉구 - For The First Time,1
1295,"Academy of St. Martin in the Fields, Neville Marriner - Dolly Suite, Op.56 (1894-97) Mi-a-ou",1
1296,pH-1 - Like Me (Prod. Mokyo),1
1297,Yannick Bovy - Makin' Whoopee,1
1298,"Itzhak Perlman, Daniel Barenboim - Mozart : Sonata For Piano And Violin In B Flat K.378 - I. Allegro Moderato",1
1299,Primitives - Crash,1
1300,Maisie Peters - Stay Young,1
1301,레트로밤 (Retro Bomb) - ORIBOAT,1
1302,"Itzhak Perlman, Samuel Sanders - Elgar : La Capricieuse Op.17 (Arr. Heifetz) (엘가 : 변덕스런 여자 작품번호 17)",1
1303,Leonid Kogan & Elizaveta Gilels - Canonic Sonata No. 1 in G Major for Two Violins: I. Vivace,1
1304,Galantis - Satisfied (Feat. MAX),1
1305,새봄 (saevom) - 꽃길 (With ZISU),1
1306,홍자 - 상사화,1
1307,거미 - 동화,1
1308,Stan Getz - It Might As Well Be Spring (Live (1964/Cafe Au Go Go)) (With Astrud Gilberto),1
1309,Carly Rae Jepsen - Julien,1
1310,The Sundays - Can`T Be Sure,1
1311,asuka ando - だいすき / Daisuki (정말 좋아해),1
1312,새벽에 - 지친하루,1
1313,스무살 - 전화할게,1
1314,Klara Kormendi - 드뷔시 : 달빛,1
1315,Niall Horan - This Town,1
1316,정은지 - 같이 걸어요 (Duet. 10cm),1
1317,Count Basic - Love & Light,1
1318,Cool Classic - Chopin : Waltz No.1 In E Flat Major Op.18 `Grande Valse Brillante` (Part.I) (쇼팽 : 왈츠 1번 내림 마장조 작품번호 18 `화려한 대왈츠`),1
1319,J&K - Walking In The Sunshine,1
1320,Mac Demarco - Salad Days,1
1321,Gabrielle Aplin - Nothing Really Matters,1
1322,Kevin Kern - Twilight's Embrace,1
1323,Capital Cities - Safe And Sound,1
1324,새벽시간 - 하루가 지나면,1
1325,Tom Williams - Early Morning Rain,1
1326,"Stuttgarter Kammerorchester, Karl Munchinger - J.S. Bach: Was mir behagt, ist nur die muntre Jagd, Cantata BWV 208 - 9. Sheep May Safely Graze",1
1327,이원석 - 니가 보여,1
1328,The Chainsmokers - Paris (삼성 SM6 광고 삽입곡),1
1329,Norah Jones - It`s A Wonderful Time For Love,1
1330,Above Envy - Movin` On (복권위원회 -이승기 편- CF 배경음악),1
1331,담소네공방 - Dream,1
1332,레인보우 - Tell Me Tell Me,1
1333,"Budapest Strings, Karoly Botvay, Andrea Vigh - Albrechtsberger: Harp Concerto - I. Allegro Moderato",1
1334,Ed Sheeran - Shape of You,1
1335,The Japanese House - We Talk All The Time,1
1336,Ultimate Painting - Song For Brian Jones,1
1337,"Herbert Von Karajan, Berliner Philharmoniker - Respighi : Antiche Danze Ed Arie Per Liuto, Suite III - 3. Siciliana. Andantino",1
1338,"LSD (Sia, Diplo and Labrinth) - No New Friends",1
1339,The Trews - Vintage Love,1
1340,Blossom Dearie - Quiet Nights (Corcovado),1
1341,"Mathias Eick, Audun Erlien, Audun Kleive, Jon Balke, Stian Carstensen - Cologne Blues",1
1342,커피소년 - 찾았다,1
1343,"거미, 바비 킴 - 러브 레시피",1
1344,George Benson & Al Jarreau - Breezin' (Album Version),1
1345,Lisa Ono - Beyond The Reef,1
1346,"Nancy Wilson, Cannonball Adderley - One Man`s Dream",1
1347,케이윌 - Lay Back,1
1348,Dusky Grey - Uncontrollable,1
1349,The Boy Meets Girls - Sushizanmai,1
1350,"Zoltn Kocsis - Debussy: Images - Book 1, L. 110 - 1. Reflets dans l'eau",1
1351,Madden - Love You Right,1
1352,Sergio Mendes & Brasil `66 - Going Out Of My Head,1
1353,서인국 - 꽃,1
1354,피아노 데이즈 - Silent Night,1
1355,멜로망스 - 바람,1
1356,Zoey G - Just Not into It,1
1357,타코앤제이형 - 날씨도 좋은데 (With 임동현),1
1358,Astrud Gilberto - Beach Samba,1
1359,볼빨간사춘기 - 나들이 갈까,1
1360,Gilbert Rowland - 라모 : 수줍은 여인,1
1361,Polly Gibbons - Sack Full Of Dreams,1
1362,Marc Johnson - Shades Of Jade,1
1363,"Tomasz Stanko, John Surman, Dino Saluzzi, Michelle Makarski, Anders Jormin, Jon Christensen - Love Theme From Farewell To Maria",1
1364,성시경 - 너는 나의 봄이다,1
1365,백지웅 - 볼,1
1366,"서인국, 정은지 - All For You",1
1367,"Riccardo Muti, Wiener Philharmoniker - Schumann : Symphony No.1 In B Flat Major Op.38 `Spring` - IV. Allegro Animato E Grazioso (슈만 : 교향곡 1번 내림 나장조 작품번호 38 `봄` - 4악장)",1
1368,Ride - Twisterella,1
1369,Kayla Brianna - Flex,1
1370,Morning Dream - 아침이 밝아올 때,1
1371,방탄소년단 - Anpanman,1
1372,"Glades, Baynk - Off Limits",1
1373,"이달의 소녀 1/3 - 지금, 좋아해 (Love & Live)",1
1374,Lewis Capaldi - Grace (Acoustic),1
1375,"3Lau, Justin Caruso - Better With You (feat. Iselin)",1
1376,Susie Suh - Feather In The Wind (JTBC 드라마 `청춘시대 2` 삽입곡),1
1377,이진아 - RANDOM,1
1378,새벽공방 - 새벽☆,1
1379,슈가볼 - 좋아져,1
1380,Melody Gardot - Over The Rainbow (Live),1
1381,Sabrina - What Makes You Beautiful,1
1382,(여자)아이들 - 주세요,1
1383,Dept (뎁트) - 있어 줄게 (Feat. Artinb),1
1384,Sloan Peterson - Here,1
1385,Kacey Musgraves - Slow Burn,1
1386,Outasight - Never Get Enough,1
1387,모아캣 (MOACAT) - 봄소리,1
1388,아이유 - 잔혹동화,1
1389,Broods - Heartlines (Acoustic),1
1390,LANY - Made In Hollywood,1
1391,모아캣 (MOACAT) - 눈이 올때마다,1
1392,켄타 - 너와 나의 다른점 (Feat. 이도훈),1
1393,Omotani Seiji - One Summer Day: 센과 치히로의 행방불명,1
1394,Keith Jarrett - Encore From Tokyo,1
1395,Hoody (후디) - Sunshine (Feat. Crush),1
1396,Nina - 2nd Floor,1
1397,June Christy - Let There Be Love,1
1398,Monday Michiru - Oasis,1
1399,Hailee Steinfeld - Most Girls,1
1400,박기영 - 우리들이 함께 있는 밤,1
1401,"Awesome City Club - Don`t Think, Feel",1
1402,아이유 - Havana,1
1403,Fishing in Japan - Fried,1
1404,Toro y Moi - Talamak,1
1405,Bebe Rexha - Girl in the Mirror,1
1406,Polly Gibbons - Love Me Like A Song,1
1407,Michel Petrucciani - Home,1
1408,"Wolfgang Sobotka - 모차르트 : 아이네 클라이네 나하트 뮤지크 1악장, Allegro",1
1409,"Erich Traxler, Robert Pinkl - Mozart : Violin Sonata No.9 In C Major K.14 - II. Allegro (Ver. For Flute And Piano) (모차르트 : 바이올린 소나타 9번 다장조 - 2악장) (플루트와 피아노 버전)",1
1410,"스탠딩 에그 - 그래, 너",1
1411,KWAYE - Sweetest Life,1
1412,"MJ (써니사이드) - 그 시절, 내가 좋아했던 (Feat. 김꽃)",1
1413,Lisa Ono - Pretty World,1
1414,TWICE (트와이스) - What is Love?,1
1415,Brika - Don`t Want Your Love,1
1416,Blue Dxxk (블루덕) - 매일봐 (Day by Day),1
1417,Tarkovsky Quartet - Nuit blanche,1
1418,ST.MARTiiNS - Ur So Pretty,1
1419,2LSON - 봄이 올까요 (Feat. 딘딘),1
1420,피아노 모먼트 - 돌아서 보면,1
1421,Jos James - Lovely Day (Feat. Lalah Hathaway),1
1422,Vivillain - Tonight,1
1423,"Olsson, grant - Some Summertime",1
1424,Lisa Lynne - Isla Del Luna,1
1425,클래지콰이 - Be My Love (Feat. 이승열),1
1426,"SWEETCH - On You (Feat. Wynn, Youngslow)",1
1427,Just Piano - Happy And Sad,1
1428,펜타곤 - 생각해,1
1429,토이 - 피아노 (Inst.),1
1430,"유권 (블락비), 로시 (Rothy) - 애기애기해",1
1431,로만티코 - Close To You (Feat. 대니엘),1
1432,TWICE (트와이스) - Dance The Night Away,1
1433,Healing - Refreshing,1
1434,김양 - 연분,1
1435,백현 (BAEKHYUN) - 바래다줄게 (Take You Home),1
1436,"윤현상, 심규선 (Lucia) - 자, 여기 내 심장",1
1437,Staind - So Far Away,1
1438,Noah Kahan - False Confidence,1
1439,RIRI - HONEY,1
1440,울랄라세션 - Love Fiction,1
1441,George Benson - Breezin`,1
1442,Lisa Ekdahl - I Don`t Miss You Anymore,1
1443,"Jan Lisiecki, Krzysztof Urbanski, NDR Elbphilharmonie Orchester - Chopin: Rondo  La Krakowiak In F Major, Op. 14 - Rondo. Allegro non troppo - Poco meno mosso",1
1444,ALL NOTE - 기분 좋은 발걸음,1
1445,Stavangerkameratene - Ikkje Ga Fra Meg Na (Don`t Leave Me Now),1
1446,주예인 - 걸어갈게,1
1447,Red Velvet (레드벨벳) - 행복 (Happiness),1
1448,"Ralph Towner, Kenny Wheeler, Eddie Gomez, Michael DiPasqua, David Darling - Beneath An Evening Sky",1
1449,Andrew Galucki - We Stay Together,1
1450,Jamie Cullum - Mind Trick,1
1451,"Ariana Grande, John Legend - Beauty And The Beast",1
1452,Stay Piano - Stay with me,1
1453,Angelo De Augustine - Kaitlin,1
1454,Brianna Leah - Put It on Me,1
1455,Keith Jarrett Trio - Never Let Me Go,1
1456,성시경 - 너의 모든 순간,1
1457,Flume - Never Be Like You (Feat. Kai),1
1458,내일맑음 - 싱글라이더 (Feat. 혜이니),1
1459,The Beatles - A Hard Day's Night (Remastered 2009),1
1460,Chelsea Collins - Call You Mine,1
1461,Diana Krall - I Can't Tell You Why,1
1462,Spirit City - We`re All Insane,1
1463,Basement Jaxx - Romeo,1
1464,Diana Krall - Isn`t It Romantic,1
1465,DNCE - DANCE,1
1466,Jonas Blue - Mama (Feat. William Singe),1
1467,Louis Armstrong - A Kiss To Build A Dream On (Album Ver.),1
1468,Julie London - Girl Talk,1
1469,"소유 (SOYOU), 유승우 - 잠은 다 잤나봐요",1
1470,Sarah McKenzie - Too Young,1
1471,너를 만나 - 동화,1
1472,Depapepe - いい日だったね / Ii Hidattane (좋은날이었어),1
1473,다슬 (DOCILE) - 여름의 밤,1
1474,Dominic Miller - La Boca,1
1475,"Robin Schulz, David Guetta, Cheat Codes - Shed A Light (HUGEL Remix)",1
1476,정승환 - 사뿐,1
1477,The Gaslight Anthem - Miles Davis & The Cool,1
1478,노리플라이 (no reply) - 나의 봄 (Feat. CHEEZE),1
1479,"한설희, 김정배 - 저무는 길",1
1480,"James Levine, Richard Fuller, Wiener Philharmoniker - Mozart: Symphony No.7a In G, K.App. 221, ""Alte Lambacher"" - 2. Andante",1
1481,크리스마스니까 - Clementi : Piano Sonatine No.2 In G Major Op.36 - II. Allegretto (클레멘티 : 피아노 소나티네 2번 사장조 작품번호 36 - 2악장),1
1482,어쿠스틱 콜라보 - 또르르,1
1483,홍자 - 깍쟁이,1
1484,충완 - 분홍길 (Feat. 덕스훈트),1
1485,Magic Giant - Set On Fire (Cloudchord Remix),1
1486,Jessica (제시카) - 봄이라서 그래,1
1487,볼빨간사춘기 - 초콜릿,1
1488,규현 (KYUHYUN) - 그게 좋은거야 (Time with you),1
1489,Charlie Puth - Marvin Gaye (Feat. Meghan Trainor),1
1490,뉴에이지 피아노 연주곡 - 01.뉴에이지 피아노 연주곡 : 자장가,1
1491,마멀레이드 키친 (Marmalade Kitchen) - 그는,1
1492,Shota - Time Was On Our Side (Grey Beanie Mix),1
1493,"Gordon Hunt, Vladimir Ashkenazy, Radio Symphonie Orchester Berlin - R.Strauss : Oboe Concerto In D Major TrV.292 - III. Vivace-Allegro (리하르트 슈트라우스 : 오보에 협주곡 라장조 - 3악장)",1
1494,The Rain Parade - I Look Around,1
1495,"새벽공방, 묵 (MOOK) - 하나부터 열까지",1
1496,DVBBS - Listen Closely (feat. SAFE),1
1497,"Ella Fitzgerald, London Symphony Orchestra - People Will Say We're In Love (Feat. Gregory Porter)",1
1498,이민혁 - 좋은 날엔 언제나,1
1499,이지엠 - Falling In Love,1
1500,여자친구 (GFRIEND) - Wanna Be,1
1501,The Chamanas - La Verdad,1
1502,"Bulgarian National Radio Symphony Orchestra, Alexandar Vladigerov, Hristo Kusmetski - Entering Peyton Place：Going to School (From `Peyton Place`, 1957 Film Score)",1
1503,블루파프리카 - 나무,1
1504,Pat Metheny - Au Lait,1
1505,JackLNDN - Never Get Enough,1
1506,Fox Stevenson - Out My Head,1
1507,"Randy Newman, Lyle Lovett - You've Got a Friend in Me (From ""Toy Story"" / Duet)",1
1508,Mt. Desolation - By The River,1
1509,마마무(Mamamoo) - 쟤가 걔야 (Waggy),1
1510,"Takako Nishizaki, Terence Dennis - Lully : Les Ballets Du Roi - Gavotte En Rondeau (Arr. For Violin And Piano) (릴리 : 가보트) (바이올린과 피아노를 위한 편곡)",1
1511,Sweet Candle - Holiday,1
1512,Gary Bartz - Gentle Smiles (Saxy),1
1513,"Kuana Torres Kahele, Napua Greig, James Ford Murphy - Lava (From `Lava`) (영화 인사이드 아웃 중 단편 애니메이션 `라바`)",1
1514,Yoke Lore - Goodpain,1
1515,Shawn Mendes - In My Blood,1
1516,Gavin James - I Don`t Know Why (Acoustic),1
1517,Anouar Brahem - Le voyage de sahar,1
1518,"서액터 (Seo actor) - Beautiful(with 이형근, 뎁트)",1
1519,"Tony Bennett, Diana Krall - 'S Wonderful",1
1520,"Maria Graf, Walter Grimmer - Yun: Duo For Cello And Harp - III. -",1
1521,The Crusaders - Keep That Same Old Feeling (Album Version),1
1522,Glades - Dangerous,1
1523,HALFNOISE - All That Love Is,1
1524,모노그램 - 그 아이,1
1525,Jan Garbarek Group - Arietta,1
1526,Morning Dream - 스쳐 지나가다,1
1527,"Hi - 야, 너말야(Hey You) (Feat. 장세민)",1
1528,마음스케치 - 마음으로 가는 길,1
1529,스테파니 (STEPHANIE) - Anding,1
1530,클래식 하프 - Clementi : Piano Sonatine No.5 In C Major Op.36 - I. Presto (클레멘티 : 피아노 소나티네 5번 다장조 작품번호 36 - 1악장),1
1531,잔나비 - 투게더!,1
1532,Avicii - Lonely Together (Feat. Rita Ora),1
1533,말로 - 오월의 아이,1
1534,Bebel Gilberto - Beauty And The Beast,1
1535,The Byrds - Turn! Turn! Turn! (To Everything There  Is A Season),1
1536,덕환 - 지금 만나러 갑니다,1
1537,폴킴 - Je T`aime,1
1538,"Royal Philharmonic Orchestra, Jonathan Carney, Robert Winn, Aline Brewer - Mozart : Concerto For Flute, Harp And Orchestra In C Major K.299 - II. Andantino (모차르트 : 플룻과 하프를 위한 협주곡 다장조 - 2악장)",1
1539,민서 - 2cm (Feat. 폴킴),1
1540,민서 - 이상한 애 (하트시그널 삽입곡),1
1541,"헤이즈 (Heize), 고영배 - UFO 타고 왔니?",1
1542,Shawn Mendes - Understand,1
1543,Mono Tape - 지나던 그 골목길,1
1544,윤미래 - 그대라는 세상,1
1545,Pablo Casals - Bach : Cello Suite No.6 In D Major BWV.1012 - V. Gavotte I And II (바흐 : 무반주 첼로 모음곡 6번 라장조 - 5악장),1
1546,AUGUST 08 - Blood On My Hands (feat. Smino) [Channel Tres Remix],1
1547,뉴에이지 피아노 연주곡 - 04.뉴에이지 피아노 연주곡 : 잠잘 때 듣는 음악,1
1548,Jonas Brothers - Don`t Throw it Away,1
1549,Violet Road - Backseat Babies,1
1550,"Ariana Grande, The Weeknd - Love Me Harder",1
1551,장하온 - 커피 한 잔,1
1552,Jxxn - good-bye,1
1553,밀키 - 널 그린다,1
1554,볼빨간사춘기 - You(=I),1
1555,Ariana Grande - Into You,1
1556,Chromeo - Must`ve Been (Feat. DRAM),1
1557,Meklit Hadero - In Love With Love,1
1558,Peach Pit - Drop The Guillotine,1
1559,김민승 - 앞으로,1
1560,카더가든 - Kiss,1
1561,David Benoit - Never Can Say Goodbye,1
1562,파마씨 (Pharmacy) - 보고 싶어서 그래,1
1563,"Gedina - Super, Baby",1
1564,채하얀 - 제주도 (Feat. 램즈),1
1565,"David Fray, Deutsche Kammerphilharmonie Bremen - Bach : Keyboard Concerto No.4 In A Major BWV.1055 - I. Allegro (바흐 : 건반 협주곡 4번 가장조 - 1악장)",1
1566,Barrie - Darjeeling,1
1567,Josie Dunne - Same,1
1568,HONNE - Warm On A Cold Night,1
1569,Wild - It Only Gets Better,1
1570,Pink - Can We Pretend (feat. Cash Cash),1
1571,Seal - I'm Beginning To See The Light (Feat. The Puppini Sisters),1
1572,Stalking Gia - SECOND NATURE,1
1573,"스무살, 보라미유 - 봄날 크리스마스 (Guitar.정성하)",1
1574,Diana Krall - Like Someone In Love,1
1575,Gary Burton & Chick Corea - Crystal Silence,1
1576,Shawn Mendes - Where Were You In The Morning?,1
1577,Alan Walker - Faded,1
1578,페퍼톤스 (Peppertones) - Superfantastic (아시아나 항공 CF 배경음악),1
1579,김민승 - 쿵쿵쿵,1
1580,"오반, 빈첸 (VINXEN) - 눈송이",1
1581,페노메코 (PENOMECO) - Good Morning (Feat. 카더가든),1
1582,"이유 갓지(GOD G) 않은 이유 (박명수, 아이유) - 레옹",1
1583,바닐라 어쿠스틱 - 너를 담아 봄 (Feat. 스무살),1
1584,허윤미 - Blue Moon,1
1585,지원이 - 쿵짜라,1
1586,ITZY (있지) - 달라달라,1
1587,"볼빨간사춘기, 스무살 - 남이 될 수 있을까",1
1588,짙은 - Sunshine,1
1589,Moose Blood - It`sToo Much,1
1590,"페퍼민트 (peppermint) - 좋아요 (Feat. 로라, 더브릿지)",1
1591,Dua Lipa - Lost In Your Light (Feat. Miguel),1
1592,Hurray For The Riff Raff - Pa`lante,1
1593,Sigrid - Strangers,1
1594,Julie London - Let There Be Love,1
1595,2AM - 어느 봄날,1
1596,송가인 - 단장의 미아리고개,1
1597,Imagine Dragons - Bad Liar,1
1598,정민균 - 이불 밖은 위험해,1
1599,설경 - 봄편지 (love letter),1
1600,"이상순, 임주연 - 설마 그럴 리가 없어",1
1601,Selina Mour - We Are the Misfits,1
1602,블락비 (Block B) - YESTERDAY,1
1603,OLIVIO - Splash,1
1604,디어 (d.ear) - 시간이 흐른다는 건,1
1605,우주소녀 - 너에게 닿기를 (I Wish),1
1606,Reason - 오늘 같은 날,1
1607,Apink (에이핑크) - Secret Garden,1
1608,Amanda Tenfjord - The Floor Is Lava,1
1609,슈가볼 - 청혼,1
1610,MY RED + BLUE - Keep It Moving,1
1611,Shoffy - While I Can,1
1612,김효진 - Bei Mir Bist Du Schon,1
1613,"Now, Now - Yours",1
1614,"소유 (SOYOU), 브라더수 - 모르나봐",1
1615,"Charlie Haden, Egberto Gismonti - First Song",1
1616,볼빨간사춘기 - 6 o`clock,1
1617,Pauline Haas - Tchaikovsky : The Seasons Op.37b - VI. June `Barcarolle` (Arr. For Harp By Hanus Trnecek & Pauline Haas) (차이콥스키 : 사계 작품번호 37b - 6번. 6월 `뱃노래`) (하프를 위한 편곡),1
1618,러브 페이지 - 오늘 하루는 어땠나요,1
1619,"박혜경, 롱디 (LONG:D) - NERD GIRL",1
1620,The Bangles - Manic Monday,1
1621,뉴에이지 피아노 연주곡 - 05.뉴에이지 피아노 연주곡 : 피아노자장가,1
1622,Mstislav Rostropovich - Bach : Cello Suite No.1 In G Major BWV.1007 - V. Menuet I (바흐 : 무반주 첼로 모음곡 1번 사장조 - 5번. 미뉴에트 1),1
1623,PRISTIN (프리스틴) - WEE WOO,1
1624,Freedom Orchestra - 9 To 5 Morning Train (Sheena Easton),1
1625,브라더수 - 내게 올래요,1
1626,데이브레이크 (DAYBREAK) - 왜안돼? (Remastered),1
1627,"천석만, 파랑망또 - 오늘부터 시작",1
1628,"Itzhak Perlman, Samuel Sanders - Kreisler : Liebesfreud (크라이슬러 : 사랑의 기쁨)",1
1629,자장가 소리 - 눈을 잠시 감아요,1
1630,볼빨간사춘기 - Seattle Alone,1
1631,Lovisa - Desafinado,1
1632,민서 - 멋진 꿈,1
1633,제이레빗 - 하루를 시작하는 방법,1
1634,윈터플레이 - Happy Bubble (CF `하우젠 버블송` 원곡),1
1635,Baden Powell - Ltus,1
1636,동림 (DONGRIM) - you are my 밤,1
1637,Darris Sneed - Here and Now,1
1638,"정명훈, Wiener Philharmoniker - Dvorak : Serenade For Strings In E Major Op.22 B.52 - IV. Larghetto (드보르작 : 현을 위한 세레나데 마장조 작품번호 22 - 4악장)",1
1639,Sponge - Molly (Sixteen Candles),1
1640,OneRepublic - Counting Stars,1
1641,Mitski - Nobody,1
1642,Buster Shuffle - We Fall To Pieces,1
1643,잔잔한 피아노 - Grieg : Lyric Pieces Book II. Op.38 - I. Berceuse (그리그 : 서정 소곡집 2권 작품번호 38 - 1번. 자장가),1
1644,"Europa Galante - Boccherini : Quintet Op.11, No.5 G275 In E Major - Minuetto",1
1645,박보람 - 연예할래,1
1646,한동근 - 하루끝엔 그대가 있어요,1
1647,Peggy Lee - How Insensitive,1
1648,원 모어 찬스 (one more chance) - 카페에 앉아,1
1649,태일 (블락비) - 좋아한다 안 한다 (Duet. 세정 of 구구단) (Prod. 박경),1
1650,Carlos Salzedo - Reverie Op.18,1
1651,Hailaker - I Could Be Back,1
1652,"정경화, Itamar Golan - Dvorak : Humoresque In G Flat Major Op.101-7 (드보르작 : 유모레스크 내림 사장조 작품번호 101-7)",1
1653,너를 만나 - 너를 만나,1
1654,Michael Rice - Bigger Than Us (Remix),1
1655,러브홀릭 - 화분 (커피프린스 1호점) (`우리결혼했어요` 알렉스 이별곡),1
1656,Zoltn Kocsis - Debussy: Deux Arabesques L. 66 - No. 2 Allegretto scherzande,1
1657,소녀시대 (GIRLS` GENERATION) - Ooh La-La!,1
1658,케이시 (Kassy) - 굿모닝 (Good Morning),1
1659,"서액터 (Seo actor) - 난 널 모르고 (Feat. amin, DOSHi)",1
1660,"Grigory Sokolov - Schubert: 4 Impromptus, Op.90, D.899 - No.2 In E Flat Major (Allegro) (Live)",1
1661,7pm - Daisy (MBC `무한도전` 삽입곡),1
1662,"Keith Jarrett, Jan Garbarek, Palle Danielsson, Jon Christensen - My Song",1
1663,Acoustic Alchemy - Ballad For Kay,1
1664,길구봉구 - 프로포즈,1
1665,공소원 - 뜨거운 안녕,1
1666,Gregory Porter - Wind Song,1
1667,"Gregory Porter - Quizas, Quizas, Quizas",1
1668,Tash - Softly (Acoustic),1
1669,윤현상 - 춘곤 (春困),1
1670,The 1975 - Somebody Else,1
1671,라붐(LABOUM) - 상상더하기,1
1672,Carter Burwell - River Crossing,1
1673,TSUUDEN YOSHIZO - Love Goes Gracefully,1
1674,Amber Mark - Mixer,1
1675,Greyson Chance - Sunshine & City Lights,1
1676,Stacey Kent - One Note Samba (Samba De Uma Nota So),1
1677,10cm - Hotel room,1
1678,마마무(Mamamoo) - Girl Crush,1
1679,Bill Evans Trio - I Should Care,1
1680,"David Guetta, Sia - Flames",1
1681,Panic! At The Disco - LA Devotee,1
1682,바바라 - 고백,1
1683,Famba - Swear to God,1
1684,윤종신 - 고백을 앞두고,1
1685,헨리 (HENRY) - 니 맘에 들어갈래 (Feat. Mark of NCT),1
1686,Yoshimata Ryo - History (Another Side),1
1687,"Lothar Koch, Amadeus Quartett - Mozart : Oboe Quartet In F K.370 - III. Rondeau (Allegro)",1
1688,The Smiths - Heaven Knows I`m Miserable Now (2011 Remastered Ver.),1
1689,Sergio Mendes - Don`t Say Goodbye (Feat. John Legend),1
1690,공소원 - 감사합니다. 땡큐,1
1691,전수연 - 봄 (Spring),1
1692,OMI - As Long As I`m With You (feat. CMC$),1
1693,Kristin Berardi - Where Or When,1
1694,상쾌한 클래식 - Haydn : Piano Sonata In C Major - I. Allegro Moderato (하이든 : 피아노 소나타 다장조 - 1악장),1
1695,클래식 하프 - Borodin : Petite Suite - Reverie (보로딘 : 작은 모음곡 - 꿈),1
1696,Tommy Emmanuel - Angelina,1
1697,The The - The Beat(En) Generation,1
1698,Tempalay - LOVE MY CAR,1
1699,Tomasz Stanko Septet - Ballad For Bernt,1
1700,Antonio Carlos Jobim - She`s A Carioca (LP Ver.),1
1701,"정명훈, Wiener Philharmoniker - Dvorak : Serenade For Strings In E Major Op.22 B.52 - II. Tempo Di Valse (드보르작 : 현을 위한 세레나데 마장조 작품번호 22 - 2악장)",1
1702,"Lucy Voll - Young, Beautiful & Wasted",1
1703,John Mayer - Stop This Train,1
1704,Jxxn - Learn To Love,1
1705,Dinah Washington - There Goes My Heart,1
1706,어쿠스윗 - love is everything,1
1707,최진경 - I`ve Found You Were There,1
1708,피아노 연주곡 모음 - 기다림,1
1709,Red Velvet (레드벨벳) - 러시안 룰렛 (Russian Roulette),1
1710,Madeleine Peyroux - We Might As Well Dance,1
1711,Laz Perkins - Into You,1
1712,"Karl Bohm, Wiener Philharmoniker - Beethoven: Symphony No.6 In F, Op.68 -""Pastoral"" - 1. Erwachen heiterer Empfindungen bei der Ankunft auf dem Lande: Allegro ma non troppo",1
1713,Addie Hamilton - La La La,1
1714,"Charles Lloyd, Bobo Stenson, Anders Jormin, Billy Hart - How Can I Tell You",1
1715,이성경X이루리 - 있어 줄게,1
1716,"도희, 제이민 - 케미 (Mirror Mirror)",1
1717,첸 (CHEN) - 사월이 지나면 우리 헤어져요 (Beautiful goodbye),1
1718,홍대광 - I Feel You,1
1719,린다의 고양이 - 린다의 꿈,1
1720,Sweet Candle - So Lovely,1
1721,이지형 - 벚꽃웨딩,1
1722,beabadoobee - You Lie All The Time,1
1723,Simple Creatures - Strange Love,1
1724,Jessica (제시카) - Summer Storm,1
1725,정성하 - Felicity,1
1726,송가인 - 단장의 미아리 고개,1
1727,Jing - Ice Cream Run,1
1728,노리플라이 (no reply) - 눈부셔,1
1729,DIA (다이아) - LO OK (빈챈현스S Ver.),1
1730,iKON - 취향저격,1
1731,All Tvvins - I Heard You,1
1732,Ayokay - Half Past You (Feat. Future Jr.),1
1733,Itzhak Perlman - Sarasate : Romanza Andaluza Op.22-1 (사라사테 : 안달루시아 로망스 작품번호 22-1),1
1734,CHEEZE (치즈) - 거짓말처럼,1
1735,챈슬러 (Chancellor) - Angel (Feat.태연),1
1736,"정경화, Radu Lupu - Franck: Sonata in A Major for Violin and Piano - 4. Allegretto poco mosso",1
1737,Bastille - Joy,1
1738,From Paris - Let`s Be Happy,1
1739,소란 (SORAN) - 벚꽃이 내린다,1
1740,Louis Sclavis - Dans La Nuit,1
1741,헨리 (HENRY) - 제목 없는 Love Song (Untitled Love Song),1
1742,Kacey Musgraves - Rainbow,1
1743,Empire Of The Sun - Way To Go,1
1744,불독 맨션 - 좋아요~ (CF - 농협),1
1745,EXO - 으르렁 (Growl),1
1746,Jonas Blue - What I Like About You (Feat. Theresa Rex),1
1747,The Candescents - Chinese New Year,1
1748,케이윌 - Bon Voyage (Feat. Beenzino),1
1749,잔잔한 피아노 - Haydn : Divertimento In G Major Hob.XVI/8 - III. Andante (하이든 : 디베르티멘토 사장조 - 3악장),1
1750,여자친구 (GFRIEND) - 봄비 (Rain In The Spring Time),1
1751,Natalie Orfilia - Pretty Lady,1
1752,소녀시대-태티서 (Girls` Generation-TTS) - Twinkle,1
1753,송가인 - 한 많은 대동강,1
1754,Laura Fygi - Your Love Is King / Smooth Operator,1
1755,Joao Gilberto - `S Wonderful,1
1756,체리블렛 (Cherry Bullet) - Q&A,1
1757,"Lauv, Troye Sivan - i`m so tired...",1
1758,크리스마스니까 - Beethoven : Bagatelle In A Minor WoO.59 `For Elise` (베토벤 : 바가텔 가단조 `엘리제를 위하여`),1
1759,장나라 - Sweet Dream,1
1760,잠잘오는음악 - 잠잘오는음악,1
